strip,character,animation,classification,needs_art_reasons,classification_after_bg,after_bg_reasons,recovered_by_bg_removal,width,height,frame_count,expected_frames,color_count,semi_transparent_pixels,opaque_pixels_per_frame,opaque_coverage_pct,baseline_per_frame,interior_hole_pixels,interior_hole_total,edge_pixels_x0,edge_pixels_x63,background_pixels_per_frame,detached_islands,detached_island_detail,identical_frame_pairs,consecutive_frame_deltas
acrobat_batting_stance,acrobat,batting_stance,REPAIRABLE,,REPAIRABLE,,,64,64,1,1,23,0,1721,42.02,62,3,3,0,0,0,0,,,
acrobat_celebrate,acrobat,celebrate,REPAIRABLE,,REPAIRABLE,,,128,64,2,2,23,0,1459;1491,35.62;36.4,62;62,0;0,0,0;0,0;0,0;3,3,"f0:27px@34,3-47,4 f1:18px@14,3-22,4 f1:6px@37,3-42,3",,1317
acrobat_idle,acrobat,idle,REPAIRABLE,,REPAIRABLE,,,128,64,2,2,23,0,1467;1395,35.82;34.06,62;62,0;0,0,0;0,0;0,0;0,0,,,754
acrobat_pitch,acrobat,pitch,REPAIRABLE,,REPAIRABLE,,,256,64,4,4,25,0,1687;1600;1552;1537,41.19;39.06;37.89;37.52,62;62;62;62,0;8;2;0,10,0;0;0;0,0;0;0;0,3;0;0;0,2,"f2:46px@54,28-62,37 f3:37px@3,28-7,37",,1218;1992;2018
acrobat_run,acrobat,run,REPAIRABLE,,REPAIRABLE,,,256,64,4,4,24,0,1531;1453;1413;1321,37.38;35.47;34.5;32.25,62;62;62;62,1;0;0;0,1,0;0;0;0,0;0;0;0,0;1;1;0,0,,,1192;1040;1162
acrobat_swing,acrobat,swing,NEEDS_ART,"clipped at canvas edge, frame(s) 2",NEEDS_ART,f2 still clipped after background,,256,64,4,4,23,0,1703;1604;1816;1714,41.58;39.16;44.34;41.85,62;62;62;62,4;1;0;0,5,0;0;8;0,0;0;9;0,2;2;0;0,2,"f2:185px@0,28-19,38 f3:100px@4,30-13,41",,1963;1915;1818
alice_batting_stance,alice,batting_stance,REPAIRABLE,,REPAIRABLE,,,64,64,1,1,20,0,1551,37.87,63,0,0,0,0,0,2,"f0:48px@22,0-33,3 f0:48px@36,0-47,3",,
alice_celebrate,alice,celebrate,REPAIRABLE,,REPAIRABLE,,,128,64,2,2,20,0,1499;1441,36.6;35.18,62;62,0;0,0,0;0,0;0,0;0,1,"f1:11px@4,16-5,22",,1752
alice_idle,alice,idle,REPAIRABLE,,REPAIRABLE,,,128,64,2,2,20,0,1399;1356,34.16;33.11,62;62,0;0,0,0;0,0;0,0;0,0,,,541
alice_pitch,alice,pitch,REPAIRABLE,,REPAIRABLE,,,256,64,4,4,24,0,1493;1380;1471;1455,36.45;33.69;35.91;35.52,62;62;62;62,0;0;0;0,0,0;0;0;0,0;0;0;0,0;0;0;0,2,"f2:68px@54,21-61,30 f3:10px@5,23-6,28",,1221;1586;2021
alice_run,alice,run,REPAIRABLE,,REPAIRABLE,,,256,64,4,4,21,0,1393;1316;1278;1357,34.01;32.13;31.2;33.13,62;62;62;62,0;0;0;0,0,0;0;0;0,0;0;0;0,0;0;0;0,0,,,848;790;899
alice_swing,alice,swing,REPAIRABLE,,REPAIRABLE,,,256,64,4,4,22,0,1548;1435;1498;1394,37.79;35.03;36.57;34.03,63;62;62;62,0;0;0;0,0,0;0;0;0,0;0;0;0,0;0;0;0,3,"f0:48px@21,0-32,3 f0:48px@43,0-54,3 f3:50px@8,34-13,43",,1113;2069;2068
apollo_batting_stance,apollo,batting_stance,NEEDS_ART,blank frame(s) 0 (under 200 opaque px),NEEDS_ART,f0 blank after background (22 px),,64,64,1,1,7,0,28,0.68,62,0,0,0,0,6,0,,,
apollo_celebrate,apollo,celebrate,NEEDS_ART,blank frame(s) 0 (under 200 opaque px),NEEDS_ART,f0 blank after background (0 px),,128,64,2,2,19,0,0;1542,0.0;37.65,-1;62,0;0,0,0;0,0;0,0;95,0,,,1542
apollo_idle,apollo,idle,NEEDS_ART,blank frame(s) 0 (under 200 opaque px),NEEDS_ART,f0 blank after background (0 px),,128,64,2,2,20,0,0;1400,0.0;34.18,-1;62,0;0,0,0;0,0;0,0;79,0,,,1400
apollo_pitch,apollo,pitch,NEEDS_ART,"clipped at canvas edge, frame(s) 2",NEEDS_ART,f2 still clipped after background,,256,64,4,4,23,0,1544;1631;1440;1440,37.7;39.82;35.16;35.16,62;62;62;62,0;0;0;5,5,0;0;29;0,0;0;0;0,98;94;70;70,3,"f1:39px@59,34-62,47 f1:13px@61,54-62,62 f2:60px@55,24-62,32",,1968;1619;1750
apollo_run,apollo,run,REPAIRABLE,,REPAIRABLE,,,256,64,4,4,20,0,1340;1406;1396;1251,32.71;34.33;34.08;30.54,62;62;62;62,19;0;10;0,29,0;0;0;0,0;0;0;0,47;70;76;59,2,"f1:58px@14,55-22,62 f2:60px@14,55-24,62",,1919;1092;1788
apollo_swing,apollo,swing,NEEDS_ART,"clipped at canvas edge, frame(s) 1,2",NEEDS_ART,f1 still clipped after background; f2 still clipped after background,,256,64,4,4,18,0,1486;1532;1465;1492,36.28;37.4;35.77;36.43,62;62;62;62,0;0;0;0,0,0;8;13;0,0;11;7;0,76;111;102;104,4,"f0:5px@58,37-58,41 f1:4px@63,59-63,62 f2:15px@0,29-2,34 f3:73px@6,31-15,38",,1379;1417;2107
ares_batting_stance,ares,batting_stance,REPAIRABLE,,REPAIRABLE,,,64,64,1,1,22,0,1194,29.15,62,3,3,0,0,1,2,"f0:23px@34,0-47,1 f0:19px@22,0-31,1",,
ares_celebrate,ares,celebrate,REPAIRABLE,,REPAIRABLE,,,128,64,2,2,24,0,1257;1318,30.69;32.18,62;62,1;0,1,0;0,0;0,1;0,1,"f1:59px@3,16-8,29",,1600
ares_idle,ares,idle,REPAIRABLE,,REPAIRABLE,,,128,64,2,2,23,0,1120;1139,27.34;27.81,62;62,21;25,46,0;0,0;0,0;0,1,"f1:5px@4,44-4,48",,1593
ares_pitch,ares,pitch,NEEDS_ART,"clipped at canvas edge, frame(s) 2",NEEDS_ART,f2 still clipped after background,,256,64,4,4,25,0,1306;1349;1270;1118,31.88;32.93;31.01;27.29,62;62;62;62,1;0;0;0,1,0;0;3;0,0;0;0;0,0;1;0;1,1,"f2:76px@51,29-60,38",,992;1855;1706
ares_run,ares,run,REPAIRABLE,,REPAIRABLE,,,256,64,4,4,25,0,1207;1202;1114;1186,29.47;29.35;27.2;28.96,62;62;62;62,4;0;0;0,4,0;0;0;0,0;0;0;0,0;0;0;0,0,,,1030;985;811
ares_swing,ares,swing,REPAIRABLE,,REPAIRABLE,,,256,64,4,4,23,0,1297;1202;1237;1218,31.67;29.35;30.2;29.74,62;62;62;62,2;2;0;0,4,0;0;0;0,0;0;0;0,0;0;1;0,0,,,1583;1239;1674
arsene_lupin_batting_stance,arsene_lupin,batting_stance,REPAIRABLE,,REPAIRABLE,,,64,64,1,1,25,0,1217,29.71,63,0,0,0,0,10,2,"f0:28px@33,0-46,1 f0:22px@19,0-29,1",,
arsene_lupin_celebrate,arsene_lupin,celebrate,REPAIRABLE,,REPAIRABLE,,,128,64,2,2,24,0,1391;1258,33.96;30.71,62;62,2;0,2,0;0,0;0,9;12,3,"f0:26px@36,4-48,5 f0:4px@12,4-15,4 f1:20px@42,4-52,5",,865
arsene_lupin_idle,arsene_lupin,idle,REPAIRABLE,,REPAIRABLE,,,128,64,2,2,23,0,1132;1083,27.64;26.44,62;62,0;0,0,0;0,0;0,7;12,0,,,425
arsene_lupin_pitch,arsene_lupin,pitch,REPAIRABLE,,REPAIRABLE,,,256,64,4,4,25,0,1274;1366;1322;1215,31.1;33.35;32.28;29.66,63;63;63;63,7;0;0;0,7,0;0;0;0,0;0;0;0,9;18;8;6,10,"f0:39px@37,0-49,2 f0:36px@15,0-26,2 f1:42px@31,0-44,2 f1:33px@10,0-20,2 f2:38px@55,33-59,42 f2:36px@27,0-38,2 f2:26px@8,0-16,2 f3:42px@43,0-56,2 f3:38px@6,33-10,42 f3:26px@26,0-34,2",,984;1559;1788
arsene_lupin_run,arsene_lupin,run,REPAIRABLE,,REPAIRABLE,,,256,64,4,4,25,0,1433;1336;1245;1223,34.99;32.62;30.4;29.86,63;63;63;63,1;0;8;0,9,0;0;0;0,0;0;0;0,7;10;6;8,8,"f0:52px@36,0-48,3 f0:47px@17,0-28,3 f1:52px@36,0-48,3 f1:26px@15,0-23,3 f2:52px@33,0-45,3 f2:26px@11,0-19,3 f3:52px@28,0-40,3 f3:5px@12,0-16,0",,949;929;825
arsene_lupin_swing,arsene_lupin,swing,NEEDS_ART,"clipped at canvas edge, frame(s) 2",NEEDS_ART,f2 still clipped after background,,256,64,4,4,25,0,1376;1237;1212;1187,33.59;30.2;29.59;28.98,63;62;62;62,0;1;1;0,2,0;0;9;0,0;0;8;0,3;11;12;7,4,"f0:59px@19,0-30,4 f0:59px@37,0-48,4 f2:38px@0,36-4,44 f3:75px@6,37-14,45",,1783;1171;1768
athena_batting_stance,athena,batting_stance,REPAIRABLE,,REPAIRABLE,,,64,64,1,1,18,0,1636,39.94,62,0,0,0,0,42,0,,,
athena_celebrate,athena,celebrate,REPAIRABLE,,REPAIRABLE,,,128,64,2,2,22,0,1602;1495,39.11;36.5,62;62,0;0,0,0;0,0;0,53;43,1,"f0:17px@33,3-42,4",,840
athena_idle,athena,idle,REPAIRABLE,,REPAIRABLE,,,128,64,2,2,20,0,1483;1492,36.21;36.43,62;62,0;0,0,0;0,0;0,26;30,1,"f1:6px@4,28-4,33",,1685
athena_pitch,athena,pitch,REPAIRABLE,,REPAIRABLE,,,256,64,4,4,23,0,1810;1811;1648;1624,44.19;44.21;40.23;39.65,62;62;62;62,2;0;0;0,2,0;0;0;0,0;0;0;0,47;47;44;41,2,"f2:34px@58,29-61,38 f3:52px@2,29-7,38",,1668;1615;1455
athena_run,athena,run,REPAIRABLE,,REPAIRABLE,,,256,64,4,4,21,0,1672;1507;1588;1673,40.82;36.79;38.77;40.84,62;62;62;62,0;0;0;15,15,0;0;0;0,0;0;0;0,41;56;36;33,1,"f2:17px@59,51-61,58",,1097;1431;1343
athena_swing,athena,swing,NEEDS_ART,"clipped at canvas edge, frame(s) 2",NEEDS_ART,f2 still clipped after background,,256,64,4,4,20,0,1743;1579;1721;1644,42.55;38.55;42.02;40.14,62;62;62;62,0;1;0;0,1,0;0;9;0,0;0;9;0,69;63;63;40,2,"f2:65px@0,41-7,49 f3:82px@4,33-13,42",,1604;870;1793
bearded_lady_batting_stance,bearded_lady,batting_stance,REPAIRABLE,,REPAIRABLE,,,64,64,1,1,18,0,1482,36.18,63,0,0,0,0,0,2,"f0:6px@32,0-37,0 f0:4px@39,0-42,0",,
bearded_lady_celebrate,bearded_lady,celebrate,REPAIRABLE,,REPAIRABLE,,,128,64,2,2,17,0,1418;1354,34.62;33.06,62;62,5;13,18,0;0,0;0,0;0,0,,,1331
bearded_lady_idle,bearded_lady,idle,REPAIRABLE,,REPAIRABLE,,,128,64,2,2,16,0,1504;1498,36.72;36.57,62;62,4;3,7,0;0,0;0,0;0,1,"f1:52px@2,27-6,42",,1465
bearded_lady_pitch,bearded_lady,pitch,REPAIRABLE,,REPAIRABLE,,,256,64,4,4,22,0,1502;1339;1352;1346,36.67;32.69;33.01;32.86,63;63;63;63,1;5;0;1,7,0;0;0;0,0;0;0;0,0;0;0;0,10,"f0:59px@14,0-28,3 f0:59px@38,0-52,3 f1:59px@33,0-47,3 f1:42px@9,0-19,3 f2:62px@24,0-39,3 f2:47px@57,33-62,41 f2:43px@1,0-11,3 f3:59px@40,0-54,3 f3:43px@15,0-25,3 f3:20px@4,34-6,41",,1478;1716;1867
bearded_lady_run,bearded_lady,run,NEEDS_ART,"clipped at canvas edge, frame(s) 2",NEEDS_ART,f2 still clipped after background,,256,64,4,4,19,0,1274;1354;1421;1389,31.1;33.06;34.69;33.91,62;62;62;62,0;3;1;0,4,0;0;6;0,0;0;10;0,0;0;0;0,8,"f0:14px@35,4-48,4 f0:11px@13,4-23,4 f1:24px@22,1-34,2 f2:40px@59,53-63,62 f2:26px@27,3-40,4 f2:24px@4,3-15,4 f3:28px@34,3-48,4 f3:21px@12,3-22,4",,1393;1508;1623
bearded_lady_swing,bearded_lady,swing,REPAIRABLE,,REPAIRABLE,,,256,64,4,4,20,0,1460;1437;1387;1365,35.64;35.08;33.86;33.33,63;62;62;62,0;1;0;4,5,0;0;0;0,0;0;0;0,0;0;0;0,4,"f0:28px@40,0-54,1 f0:27px@17,0-30,1 f2:10px@61,15-62,20 f3:39px@6,48-10,56",,1522;1731;1715
black_cat_batting_stance,black_cat,batting_stance,REPAIRABLE,,REPAIRABLE,,,64,64,1,1,23,0,1405,34.3,62,3,3,0,0,0,0,,,
black_cat_celebrate,black_cat,celebrate,NEEDS_ART,blank frame(s) 0 (under 200 opaque px),NEEDS_ART,f0 blank after background (0 px),,128,64,2,2,23,0,0;1084,0.0;26.46,-1;62,0;0,0,0;0,0;0,0;0,0,,,1084
black_cat_idle,black_cat,idle,NEEDS_ART,blank frame(s) 0 (under 200 opaque px),NEEDS_ART,f0 blank after background (0 px),,128,64,2,2,22,0,0;1124,0.0;27.44,-1;62,0;0,0,0;0,0;0,0;0,0,,,1124
black_cat_pitch,black_cat,pitch,NEEDS_ART,"clipped at canvas edge, frame(s) 2",NEEDS_ART,f2 still clipped after background,,256,64,4,4,24,0,1305;1359;1247;1306,31.86;33.18;30.44;31.88,62;62;62;62,0;0;0;0,0,0;0;7;0,0;0;8;0,0;0;0;0,4,"f1:5px@60,55-60,59 f2:19px@61,25-63,32 f2:4px@56,31-59,31 f3:80px@4,24-11,34",,1611;1442;1996
black_cat_run,black_cat,run,REPAIRABLE,,REPAIRABLE,,,256,64,4,4,23,0,1293;1374;1335;1249,31.57;33.54;32.59;30.49,62;62;62;62,0;11;5;0,16,0;0;0;0,0;0;0;0,0;0;0;0,0,,,1078;1104;1043
black_cat_swing,black_cat,swing,REPAIRABLE,,REPAIRABLE,,,256,64,4,4,24,0,1394;1300;1362;1335,34.03;31.74;33.25;32.59,62;62;62;62,0;0;0;0,0,0;0;0;0,0;0;0;0,0;0;0;0,1,"f3:44px@4,34-8,43",,1410;1993;2136
centaur_batting_stance,centaur,batting_stance,REPAIRABLE,,REPAIRABLE,,,64,64,1,1,19,0,1183,28.88,62,0,0,0,0,0,0,,,
centaur_celebrate,centaur,celebrate,REPAIRABLE,,REPAIRABLE,,,128,64,2,2,18,0,1217;1183,29.71;28.88,62;62,0;0,0,0;0,0;0,0;0,0,,,867
centaur_idle,centaur,idle,NEEDS_ART,"clipped at canvas edge, frame(s) 1",NEEDS_ART,f1 still clipped after background,,128,64,2,2,19,0,1105;1132,26.98;27.64,62;62,0;0,0,0;5,0;3,0;0,1,"f1:8px@0,39-1,43",,1366
centaur_pitch,centaur,pitch,NEEDS_ART,"clipped at canvas edge, frame(s) 2",NEEDS_ART,f2 still clipped after background,,256,64,4,4,21,0,1070;1134;1138;1019,26.12;27.69;27.78;24.88,62;62;62;62,0;0;0;0,0,0;0;14;0,0;0;0;0,0;0;0;0,12,"f0:10px@41,0-50,0 f0:9px@21,0-29,0 f1:10px@29,0-38,0 f1:9px@9,0-17,0 f1:9px@59,31-60,36 f2:78px@54,36-62,45 f2:10px@29,1-38,1 f2:7px@6,1-12,1 f2:5px@47,38-51,38 f2:5px@47,42-51,42 f3:9px@19,1-27,1 f3:9px@40,1-48,1",,1117;1550;1555
centaur_run,centaur,run,REPAIRABLE,,REPAIRABLE,,,256,64,4,4,20,0,989;983;968;931,24.15;24.0;23.63;22.73,62;62;62;62,0;0;0;0,0,0;0;0;0,0;0;0;0,0;0;0;0,1,"f1:8px@2,42-3,46",,1169;1208;790
centaur_swing,centaur,swing,NEEDS_ART,"clipped at canvas edge, frame(s) 2",NEEDS_ART,f2 still clipped after background,,256,64,4,4,20,0,1188;1100;1118;1121,29.0;26.86;27.29;27.37,62;62;62;62,0;0;0;0,0,0;0;9;0,0;0;9;0,0;0;0;0,2,"f2:55px@0,40-6,48 f3:20px@8,36-10,44",,1510;1043;1558
chupacabra_batting_stance,chupacabra,batting_stance,REPAIRABLE,,REPAIRABLE,,,64,64,1,1,22,0,1384,33.79,62,0,0,0,0,0,0,,,
chupacabra_celebrate,chupacabra,celebrate,NEEDS_ART,blank frame(s) 0 (under 200 opaque px),NEEDS_ART,f0 blank after background (0 px),,128,64,2,2,24,0,0;1535,0.0;37.48,-1;62,0;5,5,0;0,0;0,0;4,0,,,1535
chupacabra_idle,chupacabra,idle,NEEDS_ART,blank frame(s) 0 (under 200 opaque px),NEEDS_ART,f0 blank after background (0 px),,128,64,2,2,23,0,0;1569,0.0;38.31,-1;62,0;23,23,0;0,0;0,0;1,0,,,1569
chupacabra_pitch,chupacabra,pitch,NEEDS_ART,"clipped at canvas edge, frame(s) 2",NEEDS_ART,f2 still clipped after background,,256,64,4,4,24,0,1464;1287;1369;1178,35.74;31.42;33.42;28.76,62;62;62;62,0;0;0;0,0,0;0;8;0,0;0;5;0,1;0;0;0,2,"f1:4px@60,59-60,62 f2:90px@54,29-63,39",,1776;1541;1621
chupacabra_run,chupacabra,run,REPAIRABLE,,REPAIRABLE,,,256,64,4,4,22,0,1191;1178;1214;1199,29.08;28.76;29.64;29.27,62;62;62;62,1;0;0;0,1,0;0;0;0,0;0;0;0,1;1;0;0,0,,,994;799;884
chupacabra_swing,chupacabra,swing,NEEDS_ART,"clipped at canvas edge, frame(s) 2",NEEDS_ART,f2 still clipped after background,,256,64,4,4,25,0,1377;1310;1271;1344,33.62;31.98;31.03;32.81,62;62;62;62,0;0;0;0,0,0;0;8;0,0;0;10;0,2;0;0;0,2,"f2:22px@0,46-2,53 f3:57px@3,39-9,48",,1788;1488;1615
cowardly_lion_batting_stance,cowardly_lion,batting_stance,REPAIRABLE,,REPAIRABLE,,,64,64,1,1,21,0,1537,37.52,63,14,14,0,0,29,2,"f0:28px@35,0-48,1 f0:27px@20,0-33,1",,
cowardly_lion_celebrate,cowardly_lion,celebrate,REPAIRABLE,,REPAIRABLE,,,128,64,2,2,19,0,1329;1306,32.45;31.88,62;62,0;0,0,0;0,0;0,33;35,0,,,894
cowardly_lion_idle,cowardly_lion,idle,REPAIRABLE,,REPAIRABLE,,,128,64,2,2,19,0,1723;1628,42.07;39.75,62;62,0;1,1,0;0,0;0,19;26,0,,,740
cowardly_lion_pitch,cowardly_lion,pitch,NEEDS_ART,"clipped at canvas edge, frame(s) 2",NEEDS_ART,f2 still clipped after background,,256,64,4,4,22,0,1675;1653;1508;1426,40.89;40.36;36.82;34.81,63;63;63;63,5;0;0;0,5,0;0;6;0,0;0;9;0,31;40;55;43,11,"f0:66px@16,0-30,4 f0:63px@42,0-54,4 f1:68px@39,0-52,4 f1:60px@16,0-29,4 f2:85px@55,30-63,40 f2:68px@32,0-45,4 f2:62px@8,0-23,4 f3:74px@52,34-60,43 f3:64px@42,0-54,4 f3:60px@18,0-32,4 f3:8px@2,33-3,37",,1329;2208;1511
cowardly_lion_run,cowardly_lion,run,REPAIRABLE,,REPAIRABLE,,,256,64,4,4,21,0,1412;1530;1370;1516,34.47;37.35;33.45;37.01,62;62;62;62,0;0;0;0,0,0;0;0;0,0;0;0;0,45;44;39;25,8,"f0:13px@35,2-47,2 f0:11px@15,2-25,2 f1:13px@36,1-48,1 f1:12px@12,1-23,1 f2:13px@29,1-41,1 f2:7px@8,1-14,1 f3:13px@29,0-41,0 f3:6px@10,0-15,0",,1040;1317;1224
cowardly_lion_swing,cowardly_lion,swing,NEEDS_ART,"clipped at canvas edge, frame(s) 2",NEEDS_ART,f2 still clipped after background,,256,64,4,4,21,0,1662;1341;1425;1449,40.58;32.74;34.79;35.38,63;62;62;62,7;1;0;0,8,0;0;9;0,0;0;10;0,37;41;25;12,4,"f0:71px@42,0-56,4 f0:65px@20,0-33,4 f2:100px@0,39-10,48 f3:114px@6,43-17,52",,1705;1249;1777
cupid_batting_stance,cupid,batting_stance,REPAIRABLE,,REPAIRABLE,,,64,64,1,1,23,0,1537,37.52,62,2,2,0,0,53,0,,,
cupid_celebrate,cupid,celebrate,NEEDS_ART,"clipped at canvas edge, frame(s) 1",NEEDS_ART,f1 still clipped after background,,128,64,2,2,25,0,1593;1644,38.89;40.14,62;62,1;3,4,0;6,0;28,46;85,1,"f1:6px@0,30-0,35",,1874
cupid_idle,cupid,idle,REPAIRABLE,,REPAIRABLE,,,128,64,2,2,25,0,1487;1476,36.3;36.04,62;62,9;6,15,0;0,0;0,83;78,0,,,402
cupid_pitch,cupid,pitch,REPAIRABLE,,REPAIRABLE,,,256,64,4,4,23,0,1464;1415;1415;1354,35.74;34.55;34.55;33.06,63;63;63;63,1;0;0;1,2,0;0;0;0,0;0;0;0,56;67;53;80,5,"f0:21px@35,60-42,63 f1:26px@33,59-40,63 f2:92px@48,14-58,24 f2:26px@31,59-38,63 f3:34px@33,59-45,63",,1278;1260;1589
cupid_run,cupid,run,REPAIRABLE,,REPAIRABLE,,,256,64,4,4,24,0,1542;1457;1328;1370,37.65;35.57;32.42;33.45,63;63;62;62,4;1;6;2,13,0;0;0;0,0;0;0;0,66;78;66;83,3,"f0:69px@16,55-24,63 f0:59px@30,57-47,63 f1:22px@39,60-46,63",,1026;1806;1142
cupid_swing,cupid,swing,REPAIRABLE,,REPAIRABLE,,,256,64,4,4,24,0,1568;1548;1498;1438,38.28;37.79;36.57;35.11,63;63;63;62,0;0;0;0,0,0;0;0;0,0;0;0;0,102;93;82;64,4,"f0:15px@36,61-41,63 f1:22px@37,60-44,63 f2:14px@30,61-35,63 f3:96px@6,28-16,38",,1444;2010;2195
cyclops_batting_stance,cyclops,batting_stance,REPAIRABLE,,REPAIRABLE,,,64,64,1,1,17,0,1695,41.38,62,0,0,0,0,1,0,,,
cyclops_celebrate,cyclops,celebrate,NEEDS_ART,"clipped at canvas edge, frame(s) 1",NEEDS_ART,f1 still clipped after background,,128,64,2,2,21,0,1931;1932,47.14;47.17,62;62,0;4,4,0;16,0;31,0;1,1,"f1:77px@0,21-6,36",,1808
cyclops_idle,cyclops,idle,NEEDS_ART,"clipped at canvas edge, frame(s) 1",NEEDS_ART,f1 still clipped after background,,128,64,2,2,17,0,1978;1990,48.29;48.58,62;62,0;0,0,0;21,0;21,0;0,1,"f1:67px@0,11-4,31",,1888
cyclops_pitch,cyclops,pitch,REPAIRABLE,,REPAIRABLE,,,256,64,4,4,21,0,1920;1667;1601;1517,46.88;40.7;39.09;37.04,62;62;62;62,15;1;2;1,19,0;0;0;0,0;0;0;0,1;1;0;0,4,"f2:16px@54,23-61,29 f2:5px@54,27-58,27 f2:4px@56,31-59,31 f3:112px@4,22-15,33",,1525;1629;1593
cyclops_run,cyclops,run,REPAIRABLE,,REPAIRABLE,,,256,64,4,4,19,0,1919;1845;1816;1759,46.85;45.04;44.34;42.94,63;62;63;62,16;31;24;17,88,0;0;0;0,0;0;0;0,0;0;0;0,3,"f0:97px@24,56-38,63 f1:88px@46,55-58,62 f2:4px@3,60-3,63",,1154;1442;1947
cyclops_swing,cyclops,swing,REPAIRABLE,,REPAIRABLE,,,256,64,4,4,20,0,1776;1629;1589;1789,43.36;39.77;38.79;43.68,62;62;62;62,3;0;0;0,3,0;0;0;0,0;0;0;0,0;2;1;0,1,"f3:182px@5,31-19,45",,1367;1954;2270
dionysus_batting_stance,dionysus,batting_stance,REPAIRABLE,,REPAIRABLE,,,64,64,1,1,21,0,1646,40.19,62,0,0,0,0,0,0,,,
dionysus_celebrate,dionysus,celebrate,NEEDS_ART,blank frame(s) 0 (under 200 opaque px),NEEDS_ART,f0 blank after background (0 px),,128,64,2,2,21,0,0;1875,0.0;45.78,-1;62,0;0,0,0;0,0;0,0;0,1,"f1:9px@55,13-58,16",,1875
dionysus_idle,dionysus,idle,NEEDS_ART,blank frame(s) 0 (under 200 opaque px),NEEDS_ART,f0 blank after background (0 px),,128,64,2,2,21,0,0;1774,0.0;43.31,-1;62,0;0,0,0;0,0;0,0;1,0,,,1774
dionysus_pitch,dionysus,pitch,NEEDS_ART,"clipped at canvas edge, frame(s) 2",NEEDS_ART,f2 still clipped after background,,256,64,4,4,22,0,1747;1663;1631;1625,42.65;40.6;39.82;39.67,63;63;63;63,2;0;1;0,3,0;0;5;0,0;0;0;0,0;2;0;2,8,"f0:112px@25,58-49,63 f1:119px@22,58-47,63 f2:122px@16,58-41,63 f2:36px@59,11-62,20 f2:6px@51,13-56,13 f2:4px@53,17-56,17 f3:109px@25,58-49,63 f3:61px@4,11-10,20",,1277;1968;2311
dionysus_run,dionysus,run,REPAIRABLE,,REPAIRABLE,,,256,64,4,4,21,0,1565;1460;1434;1475,38.21;35.64;35.01;36.01,62;63;63;62,1;0;0;0,1,0;0;0;0,0;0;0;0,1;0;0;1,7,"f1:25px@37,62-50,63 f1:12px@49,54-52,58 f1:10px@33,57-36,60 f1:8px@42,55-43,58 f1:8px@55,60-58,63 f1:5px@27,62-29,63 f2:10px@26,62-31,63",,2051;1059;1943
dionysus_swing,dionysus,swing,REPAIRABLE,,REPAIRABLE,,,256,64,4,4,23,0,1648;1647;1649;1487,40.23;40.21;40.26;36.3,63;63;62;63,0;5;0;0,5,0;0;0;0,0;0;0;0,1;0;1;0,6,"f0:101px@20,58-45,63 f1:105px@24,58-48,63 f2:64px@14,59-36,62 f2:32px@58,23-61,33 f3:65px@6,24-12,34 f3:16px@40,61-48,63",,1430;2329;2328
dorothy_batting_stance,dorothy,batting_stance,REPAIRABLE,,REPAIRABLE,,,64,64,1,1,24,0,1629,39.77,63,0,0,0,0,0,2,"f0:11px@35,0-45,0 f0:10px@21,0-30,0",,
dorothy_celebrate,dorothy,celebrate,REPAIRABLE,,REPAIRABLE,,,128,64,2,2,24,0,1760;1653,42.97;40.36,62;62,0;0,0,0;0,0;0,0;0,0,,,1710
dorothy_idle,dorothy,idle,REPAIRABLE,,REPAIRABLE,,,128,64,2,2,23,0,1758;1772,42.92;43.26,62;62,0;0,0,0;0,0;0,0;0,0,,,592
dorothy_pitch,dorothy,pitch,REPAIRABLE,,REPAIRABLE,,,256,64,4,4,24,0,1626;1313;1502;1485,39.7;32.06;36.67;36.25,62;62;62;62,0;0;0;0,0,0;0;0;0,0;0;0;0,0;0;0;0,2,"f2:35px@57,21-61,30 f3:39px@2,21-6,30",,1297;1732;2203
dorothy_run,dorothy,run,REPAIRABLE,,REPAIRABLE,,,256,64,4,4,24,0,1444;1444;1430;1453,35.25;35.25;34.91;35.47,62;62;62;62,0;0;1;0,1,0;0;0;0,0;0;0;0,0;0;0;0,1,"f1:39px@10,58-21,62",,1508;1377;1119
dorothy_swing,dorothy,swing,NEEDS_ART,"clipped at canvas edge, frame(s) 2",NEEDS_ART,f2 still clipped after background,,256,64,4,4,24,0,1694;1619;1656;1580,41.36;39.53;40.43;38.57,62;62;62;62,0;1;0;0,1,0;0;8;0,0;0;20;0,0;0;0;0,4,"f2:60px@57,26-63,35 f2:50px@0,31-6,38 f3:48px@4,39-9,48 f3:20px@4,27-6,34",,1914;1617;2313
dracula_batting_stance,dracula,batting_stance,REPAIRABLE,,REPAIRABLE,,,64,64,1,1,22,0,1756,42.87,62,0,0,0,0,0,0,,,
dracula_celebrate,dracula,celebrate,REPAIRABLE,,REPAIRABLE,,,128,64,2,2,22,0,1998;1821,48.78;44.46,62;62,0;0,0,0;0,0;0,0;0,0,,,1718
dracula_idle,dracula,idle,REPAIRABLE,,REPAIRABLE,,,128,64,2,2,23,0,1568;1604,38.28;39.16,62;62,0;0,0,0;0,0;0,0;0,0,,,1344
dracula_pitch,dracula,pitch,NEEDS_ART,"clipped at canvas edge, frame(s) 2",NEEDS_ART,f2 still clipped after background,,256,64,4,4,24,0,1760;1396;1471;1501,42.97;34.08;35.91;36.65,62;62;62;62,0;0;0;0,0,0;0;7;0,0;0;7;0,0;0;0;0,3,"f1:18px@56,45-58,52 f2:67px@56,21-63,30 f3:11px@3,24-4,29",,2013;1739;1935
dracula_run,dracula,run,REPAIRABLE,,REPAIRABLE,,,256,64,4,4,24,0,1496;1541;1498;1731,36.52;37.62;36.57;42.26,62;62;62;62,0;0;0;0,0,0;0;0;0,0;0;0;0,0;0;0;0,0,,,1273;1084;1417
dracula_swing,dracula,swing,NEEDS_ART,"clipped at canvas edge, frame(s) 2",NEEDS_ART,f2 still clipped after background,,256,64,4,4,23,0,1775;1472;1563;1558,43.33;35.94;38.16;38.04,62;62;62;62,0;0;0;0,0,0;0;8;0,0;0;20;0,0;0;0;0,4,"f2:58px@0,30-7,38 f2:56px@57,28-63,37 f3:52px@4,42-9,50 f3:19px@4,29-6,36",,1888;1736;2155
dragon_batting_stance,dragon,batting_stance,REPAIRABLE,,REPAIRABLE,,,64,64,1,1,21,0,1756,42.87,62,1,1,0,0,109,0,,,
dragon_celebrate,dragon,celebrate,REPAIRABLE,,REPAIRABLE,,,128,64,2,2,21,0,1764;1742,43.07;42.53,62;62,0;0,0,0;0,0;0,140;98,0,,,995
dragon_idle,dragon,idle,NEEDS_ART,"clipped at canvas edge, frame(s) 1",NEEDS_ART,f1 still clipped after background,,128,64,2,2,19,0,1890;1929,46.14;47.09,62;62,3;7,10,0;29,0;28,117;139,1,"f1:149px@0,13-9,41",,2231
dragon_pitch,dragon,pitch,NEEDS_ART,"clipped at canvas edge, frame(s) 2",NEEDS_ART,f2 still clipped after background,,256,64,4,4,23,0,1407;1553;1745;1566,34.35;37.92;42.6;38.23,62;62;62;62,0;0;1;1,2,0;0;4;0,0;0;10;0,103;119;113;112,4,"f2:39px@59,27-63,36 f2:35px@47,29-57,32 f2:8px@50,34-57,34 f3:44px@2,27-6,36",,1301;1991;2082
dragon_run,dragon,run,REPAIRABLE,,REPAIRABLE,,,256,64,4,4,20,0,1541;1530;1428;1434,37.62;37.35;34.86;35.01,62;62;62;62,0;0;0;0,0,0;0;0;0,0;0;0;0,103;81;94;102,0,,,679;794;1039
dragon_swing,dragon,swing,REPAIRABLE,,REPAIRABLE,,,256,64,4,4,22,0,1648;1724;1645;1510,40.23;42.09;40.16;36.87,62;62;62;62,0;13;11;1,25,0;0;0;0,0;0;0;0,136;134;134;96,2,"f2:30px@59,38-62,46 f3:38px@4,38-8,46",,1789;1063;2146
easter_bunny_batting_stance,easter_bunny,batting_stance,REPAIRABLE,,REPAIRABLE,,,64,64,1,1,21,0,1325,32.35,62,0,0,0,0,13,0,,,
easter_bunny_celebrate,easter_bunny,celebrate,NEEDS_ART,"clipped at canvas edge, frame(s) 1",NEEDS_ART,f1 still clipped after background,,128,64,2,2,22,0,1334;1713,32.57;41.82,62;62,0;0,0,0;31,0;25,11;19,3,"f1:300px@0,12-16,33 f1:60px@0,39-5,51 f1:11px@59,6-61,11",,2227
easter_bunny_idle,easter_bunny,idle,REPAIRABLE,,REPAIRABLE,,,128,64,2,2,21,0,1349;1509,32.93;36.84,62;62,7;7,14,0;0,0;0,9;11,1,"f1:84px@2,38-7,56",,1798
easter_bunny_pitch,easter_bunny,pitch,REPAIRABLE,,REPAIRABLE,,,256,64,4,4,22,0,1537;1189;1452;1410,37.52;29.03;35.45;34.42,62;62;62;62,0;1;1;4,6,0;0;0;0,0;0;0;0,18;8;11;30,7,"f0:13px@24,61-31,62 f2:36px@58,21-62,29 f2:14px@51,28-57,29 f2:13px@22,61-29,62 f2:9px@48,25-56,25 f2:7px@51,21-57,21 f3:30px@2,29-6,37",,1599;1628;2272
easter_bunny_run,easter_bunny,run,REPAIRABLE,,REPAIRABLE,,,256,64,4,4,21,0,1484;1440;1412;1424,36.23;35.16;34.47;34.77,63;63;62;62,0;0;0;0,0,0;0;0;0,0;0;0;0,14;23;10;20,3,"f0:46px@31,59-41,63 f0:41px@45,59-54,63 f1:61px@33,60-52,63",,966;1620;1108
easter_bunny_swing,easter_bunny,swing,NEEDS_ART,"clipped at canvas edge, frame(s) 2",NEEDS_ART,f2 still clipped after background,,256,64,4,4,22,0,1608;1363;1485;1501,39.26;33.28;36.25;36.65,62;62;62;62,0;0;0;2,2,0;0;10;0,0;0;0;0,9;7;32;10,7,"f1:6px@6,62-11,62 f1:4px@16,62-19,62 f2:73px@0,41-7,51 f2:26px@53,49-60,54 f2:18px@52,29-57,36 f2:13px@56,32-60,36 f3:69px@4,35-12,43",,1868;1794;2123
esmeralda_batting_stance,esmeralda,batting_stance,REPAIRABLE,,REPAIRABLE,,,64,64,1,1,24,0,1562,38.13,62,0,0,0,0,1,0,,,
esmeralda_celebrate,esmeralda,celebrate,NEEDS_ART,blank frame(s) 0 (under 200 opaque px),NEEDS_ART,f0 blank after background (0 px),,128,64,2,2,25,0,0;1667,0.0;40.7,-1;62,0;0,0,0;0,0;0,0;5,0,,,1667
esmeralda_idle,esmeralda,idle,NEEDS_ART,blank frame(s) 0 (under 200 opaque px),NEEDS_ART,f0 blank after background (0 px),,128,64,2,2,25,0,0;1619,0.0;39.53,-1;62,0;0,0,0;0,0;0,0;2,0,,,1619
esmeralda_pitch,esmeralda,pitch,REPAIRABLE,,REPAIRABLE,,,256,64,4,4,25,0,1661;1808;1473;1552,40.55;44.14;35.96;37.89,62;62;62;62,1;0;0;0,1,0;0;0;0,0;0;0;0,6;5;6;3,2,"f2:60px@55,32-61,41 f3:23px@5,32-7,41",,1417;1983;1915
esmeralda_run,esmeralda,run,REPAIRABLE,,REPAIRABLE,,,256,64,4,4,25,0,1645;1732;1615;1551,40.16;42.29;39.43;37.87,62;62;63;62,0;0;0;0,0,0;0;0;0,0;0;0;0,2;5;6;3,7,"f1:68px@14,58-33,62 f1:52px@36,58-50,62 f2:34px@18,60-31,63 f2:13px@16,57-19,60 f2:10px@35,60-38,63 f2:10px@10,61-14,63 f2:6px@32,57-33,59",,2184;1227;1998
esmeralda_swing,esmeralda,swing,REPAIRABLE,,REPAIRABLE,,,256,64,4,4,25,0,1558;1542;1593;1516,38.04;37.65;38.89;37.01,62;62;62;62,0;0;0;0,0,0;0;0;0,0;0;0;0,0;0;0;1,2,"f2:80px@53,30-61,39 f3:6px@4,32-4,37",,1397;2147;2051
father_time_batting_stance,father_time,batting_stance,REPAIRABLE,,REPAIRABLE,,,64,64,1,1,21,0,1690,41.26,62,0,0,0,0,1,0,,,
father_time_celebrate,father_time,celebrate,REPAIRABLE,,REPAIRABLE,,,128,64,2,2,23,0,1767;1728,43.14;42.19,62;62,0;6,6,0;0,0;0,1;0,0,,,1390
father_time_idle,father_time,idle,REPAIRABLE,,REPAIRABLE,,,128,64,2,2,21,0,1781;1776,43.48;43.36,62;62,0;2,2,0;0,0;0,0;0,0,,,541
father_time_pitch,father_time,pitch,REPAIRABLE,,REPAIRABLE,,,256,64,4,4,22,0,1697;1497;1532;1391,41.43;36.55;37.4;33.96,62;62;62;62,4;0;0;0,4,0;0;0;0,0;0;0;0,0;0;0;0,4,"f1:6px@57,29-60,30 f1:6px@55,32-60,32 f2:69px@6,27-14,35 f2:6px@1,28-3,29",,1646;2006;1714
father_time_run,father_time,run,REPAIRABLE,,REPAIRABLE,,,256,64,4,4,21,0,1612;1558;1561;1389,39.36;38.04;38.11;33.91,62;62;62;62,0;0;0;0,0,0;0;0;0,0;0;0;0,0;0;0;0,2,"f0:60px@21,56-31,62 f1:4px@11,62-14,62",,1085;1882;1038
father_time_swing,father_time,swing,NEEDS_ART,"clipped at canvas edge, frame(s) 2",NEEDS_ART,f2 still clipped after background,,256,64,4,4,22,0,1621;1639;1669;1583,39.58;40.01;40.75;38.65,62;62;62;62,0;0;0;0,0,0;0;9;0,0;0;13;0,0;0;0;1,5,"f2:44px@0,35-5,43 f2:21px@61,33-63,41 f2:18px@58,27-63,32 f2:11px@60,42-63,46 f3:48px@5,33-10,41",,1812;1109;2304
fire_breather_batting_stance,fire_breather,batting_stance,REPAIRABLE,,REPAIRABLE,,,64,64,1,1,18,0,1452,35.45,62,15,15,0,0,7,0,,,
fire_breather_celebrate,fire_breather,celebrate,REPAIRABLE,,REPAIRABLE,,,128,64,2,2,19,0,410;1002,10.01;24.46,62;62,0;0,0,0;0,0;0,4;5,1,"f0:60px@32,51-38,62",,1160
fire_breather_idle,fire_breather,idle,NEEDS_ART,"clipped at canvas edge, frame(s) 1",NEEDS_ART,f1 still clipped after background,,128,64,2,2,18,0,1448;876,35.35;21.39,62;62,3;0,3,0;17,0;51,7;5,1,"f1:174px@0,14-11,36",,2290
fire_breather_pitch,fire_breather,pitch,NEEDS_ART,"clipped at canvas edge, frame(s) 2",NEEDS_ART,f2 still clipped after background,,256,64,4,4,24,0,1427;1360;1198;1261,34.84;33.2;29.25;30.79,62;62;62;62,21;7;8;0,36,0;0;7;0,0;0;0;0,7;6;3;13,4,"f2:17px@48,34-58,36 f2:11px@51,40-58,41 f2:5px@62,35-62,39 f3:92px@2,32-11,42",,1061;1582;1839
fire_breather_run,fire_breather,run,REPAIRABLE,,REPAIRABLE,,,256,64,4,4,22,0,1498;1447;1389;1434,36.57;35.33;33.91;35.01,62;62;62;62,0;0;0;0,0,0;0;0;0,0;0;0;0,6;6;7;6,2,"f0:15px@46,58-51,62 f1:6px@2,26-2,31",,1802;1569;1170
fire_breather_swing,fire_breather,swing,REPAIRABLE,,REPAIRABLE,,,256,64,4,4,23,0,1713;1486;1543;1307,41.82;36.28;37.67;31.91,62;62;62;62,39;0;0;0,39,0;0;0;0,0;0;0;0,4;6;13;10,9,"f1:24px@2,26-4,36 f1:21px@52,40-60,47 f1:15px@51,48-57,51 f2:45px@58,36-62,47 f2:19px@55,30-60,36 f2:17px@55,49-60,54 f2:6px@51,50-51,55 f2:5px@51,31-51,35 f3:60px@4,36-9,47",,1349;1904;1890
frankenstein_batting_stance,frankenstein,batting_stance,REPAIRABLE,,REPAIRABLE,,,64,64,1,1,19,0,1714,41.85,63,0,0,0,0,0,2,"f0:34px@37,0-53,1 f0:32px@17,0-32,1",,
frankenstein_celebrate,frankenstein,celebrate,NEEDS_ART,"clipped at canvas edge, frame(s) 1",NEEDS_ART,f1 still clipped after background,,128,64,2,2,15,0,1572;1577,38.38;38.5,62;62,0;0,0,0;23,0;15,0;0,2,"f1:118px@0,23-9,40 f1:15px@0,57-2,62",,2133
frankenstein_idle,frankenstein,idle,REPAIRABLE,,REPAIRABLE,,,128,64,2,2,18,0,1728;1663,42.19;40.6,62;62,0;0,0,0;0,0;0,0;0,1,"f1:32px@3,47-6,56",,1620
frankenstein_pitch,frankenstein,pitch,REPAIRABLE,,REPAIRABLE,,,256,64,4,4,22,0,1377;1617;1398;1405,33.62;39.48;34.13;34.3,62;62;62;62,0;0;0;0,0,0;0;0;0,0;0;0;0,0;0;0;0,2,"f2:28px@59,34-62,43 f3:59px@3,34-9,43",,1792;1666;1678
frankenstein_run,frankenstein,run,REPAIRABLE,,REPAIRABLE,,,256,64,4,4,16,0,1710;1545;1655;1587,41.75;37.72;40.41;38.75,63;63;63;63,3;0;8;0,11,0;0;0;0,0;0;0;0,0;0;0;0,6,"f0:45px@21,0-35,2 f1:47px@37,0-52,2 f1:41px@6,0-19,2 f2:47px@31,0-46,2 f2:33px@6,0-17,2 f3:48px@31,0-46,2",,1385;1073;1139
frankenstein_swing,frankenstein,swing,NEEDS_ART,"clipped at canvas edge, frame(s) 1,2",NEEDS_ART,f1 still clipped after background; f2 still clipped after background,,256,64,4,4,21,0,1704;1516;1629;1645,41.6;37.01;39.77;40.16,63;63;62;62,0;0;0;0,0,0;1;7;0,0;7;9;0,0;0;0;0,4,"f0:16px@19,0-34,0 f0:15px@44,0-58,0 f2:110px@0,37-13,45 f3:129px@4,33-18,42",,1339;1237;1964
great_ape_batting_stance,great_ape,batting_stance,REPAIRABLE,,REPAIRABLE,,,64,64,1,1,19,0,1824,44.53,62,1,1,0,0,0,0,,,
great_ape_celebrate,great_ape,celebrate,NEEDS_ART,"blank frame(s) 0 (under 200 opaque px); clipped at canvas edge, frame(s) 1",NEEDS_ART,f0 blank after background (9 px); f1 still clipped after background,,128,64,2,2,19,0,9;2578,0.22;62.94,62;62,0;0,0,0;13,0;0,0;0,0,,,2585
great_ape_idle,great_ape,idle,NEEDS_ART,blank frame(s) 0 (under 200 opaque px),NEEDS_ART,f0 blank after background (35 px),,128,64,2,2,21,0,35;2597,0.85;63.4,62;62,0;0,0,0;0,0;0,0;0,1,"f0:7px@32,41-32,47",,2621
great_ape_pitch,great_ape,pitch,NEEDS_ART,"clipped at canvas edge, frame(s) 1",NEEDS_ART,f1 still clipped after background,,256,64,4,4,23,0,2167;2218;1929;1904,52.91;54.15;47.09;46.48,62;62;62;62,0;0;0;0,0,0;8;0;0,0;6;0;0,0;0;0;0,3,"f2:5px@58,19-62,19 f3:77px@8,16-16,25 f3:38px@2,31-5,41",,1486;1892;1557
great_ape_run,great_ape,run,REPAIRABLE,,REPAIRABLE,,,256,64,4,4,23,0,1994;2068;2104;1796,48.68;50.49;51.37;43.85,62;62;62;62,1;0;3;0,4,0;0;0;0,0;0;0;0,0;0;0;0,3,"f1:18px@5,60-13,62 f1:4px@47,62-50,62 f3:13px@2,31-3,38",,1930;1630;1638
great_ape_swing,great_ape,swing,REPAIRABLE,,REPAIRABLE,,,256,64,4,4,23,0,2190;1998;1883;1945,53.47;48.78;45.97;47.49,62;63;63;62,0;0;0;0,0,0;0;0;0,0;0;0;0,0;0;0;2,8,"f0:21px@59,43-61,51 f1:40px@42,0-62,1 f2:40px@2,0-22,1 f2:4px@54,30-56,33 f2:4px@54,49-56,52 f3:72px@8,31-16,39 f3:42px@2,35-6,45 f3:4px@3,48-6,50",,2027;2379;2381
hades_batting_stance,hades,batting_stance,REPAIRABLE,,REPAIRABLE,,,64,64,1,1,20,0,1517,37.04,62,0,0,0,0,33,0,,,
hades_celebrate,hades,celebrate,NEEDS_ART,"clipped at canvas edge, frame(s) 1",NEEDS_ART,f1 still clipped after background,,128,64,2,2,20,0,1456;1532,35.55;37.4,62;62,0;5,5,0;10,0;5,40;45,7,"f0:12px@11,17-16,20 f0:5px@10,26-14,26 f1:21px@0,39-2,48 f1:14px@20,9-25,16 f1:11px@15,18-21,20 f1:9px@60,17-63,20 f1:6px@30,9-30,14",,1508
hades_idle,hades,idle,REPAIRABLE,,REPAIRABLE,,,128,64,2,2,19,0,1503;1554,36.69;37.94,62;62,64;69,133,0;0,0;0,17;45,1,"f1:18px@6,16-7,27",,1315
hades_pitch,hades,pitch,NEEDS_ART,"clipped at canvas edge, frame(s) 2",NEEDS_ART,f2 still clipped after background,,256,64,4,4,23,0,1529;1352;1509;1494,37.33;33.01;36.84;36.47,62;62;62;62,1;12;27;0,40,0;0;23;0,0;0;9;0,20;22;20;35,4,"f1:68px@54,50-60,62 f1:8px@60,20-60,27 f2:67px@49,28-63,36 f3:41px@4,28-9,36",,1754;1643;1920
hades_run,hades,run,REPAIRABLE,,REPAIRABLE,,,256,64,4,4,20,0,1432;1406;1466;1281,34.96;34.33;35.79;31.27,62;62;62;62,5;26;28;22,81,0;0;0;0,0;0;0;0,19;28;32;29,1,"f1:8px@45,60-48,62",,781;1608;1237
hades_swing,hades,swing,REPAIRABLE,,REPAIRABLE,,,256,64,4,4,21,0,1433;1486;1517;1373,34.99;36.28;37.04;33.52,62;62;62;62,0;0;0;7,7,0;0;0;0,0;0;0;0,23;40;51;32,3,"f2:11px@48,34-52,38 f2:4px@48,50-50,52 f3:19px@8,37-10,43",,1387;2038;1977
headless_horseman_batting_stance,headless_horseman,batting_stance,NEEDS_ART,blank frame(s) 0 (under 200 opaque px),NEEDS_ART,f0 blank after background (68 px),,64,64,1,1,9,0,68,1.66,62,0,0,0,0,0,1,"f0:22px@13,59-19,62",,
headless_horseman_celebrate,headless_horseman,celebrate,NEEDS_ART,blank frame(s) 0 (under 200 opaque px),NEEDS_ART,f0 blank after background (0 px),,128,64,2,2,18,0,0;1404,0.0;34.28,-1;62,0;4,4,0;0,0;0,0;0,0,,,1404
headless_horseman_idle,headless_horseman,idle,NEEDS_ART,blank frame(s) 0 (under 200 opaque px),NEEDS_ART,f0 blank after background (0 px),,128,64,2,2,18,0,0;1247,0.0;30.44,-1;62,0;4,4,0;0,0;0,0;0,0,,,1247
headless_horseman_pitch,headless_horseman,pitch,NEEDS_ART,"clipped at canvas edge, frame(s) 2",NEEDS_ART,f2 still clipped after background,,256,64,4,4,20,0,1270;1363;1273;1218,31.01;33.28;31.08;29.74,63;63;63;63,0;2;0;0,2,0;0;8;0,0;0;9;0,0;0;0;0,9,"f0:182px@26,54-54,63 f1:185px@22,54-51,63 f1:9px@61,37-62,42 f2:180px@22,54-50,63 f2:52px@57,9-63,17 f2:4px@50,13-53,13 f2:4px@53,15-54,16 f3:189px@29,54-58,63 f3:11px@6,10-7,16",,1351;1502;2006
headless_horseman_run,headless_horseman,run,REPAIRABLE,,REPAIRABLE,,,256,64,4,4,19,0,1004;1092;1032;944,24.51;26.66;25.2;23.05,62;63;63;62,4;0;0;0,4,0;0;0;0,0;0;0;0,0;0;0;0,3,"f1:81px@23,58-42,63 f1:76px@44,51-51,63 f2:76px@18,58-35,63",,1794;815;1695
headless_horseman_swing,headless_horseman,swing,REPAIRABLE,,REPAIRABLE,,,256,64,4,4,19,0,1218;1136;1171;1015,29.74;27.73;28.59;24.78,63;63;63;63,0;0;0;5,5,0;0;0;0,0;0;0;0,0;0;0;0,5,"f0:85px@22,58-42,63 f1:83px@25,58-44,63 f2:66px@10,59-28,63 f3:38px@35,60-48,63 f3:6px@8,19-8,24",,881;1877;1848
hera_batting_stance,hera,batting_stance,NEEDS_ART,blank frame(s) 0 (under 200 opaque px),NEEDS_ART,f0 blank after background (4 px),,64,64,1,1,1,0,4,0.1,62,0,0,0,0,0,0,,,
hera_celebrate,hera,celebrate,NEEDS_ART,blank frame(s) 0 (under 200 opaque px),NEEDS_ART,f0 blank after background (167 px),,128,64,2,2,15,0,167;1389,4.08;33.91,62;62,0;0,0,0;0,0;0,0;0,9,"f0:22px@22,50-27,55 f0:21px@22,24-27,29 f0:20px@33,58-38,62 f0:15px@40,42-42,49 f0:14px@31,41-34,45 f1:19px@38,41-42,46 f1:17px@52,15-56,19 f1:17px@49,37-53,41 f1:17px@39,53-44,57",,1488
hera_idle,hera,idle,NEEDS_ART,blank frame(s) 0 (under 200 opaque px),NEEDS_ART,f0 blank after background (0 px),,128,64,2,2,14,0,0;1228,0.0;29.98,-1;62,0;0,0,0;0,0;0,0;0,0,,,1228
hera_pitch,hera,pitch,REPAIRABLE,,REPAIRABLE,,,256,64,4,4,16,0,1299;1328;1312;1242,31.71;32.42;32.03;30.32,63;63;63;63,34;43;3;0,80,0;0;0;0,0;0;0;0,0;0;1;0,11,"f0:144px@18,56-43,63 f0:114px@45,48-56,63 f1:136px@25,56-45,63 f1:108px@47,49-58,63 f2:161px@20,54-41,63 f2:117px@43,47-54,63 f2:26px@58,5-61,11 f2:4px@15,63-18,63 f3:154px@20,55-47,63 f3:116px@48,48-60,63 f3:18px@3,5-5,11",,1193;1437;1794
hera_run,hera,run,REPAIRABLE,,REPAIRABLE,,,256,64,4,4,17,0,912;1130;1141;914,22.27;27.59;27.86;22.31,62;63;63;63,0;63;4;0,67,0;0;0;0,0;0;0;0,0;0;0;0,14,"f0:33px@51,56-57,62 f1:149px@30,42-42,63 f1:50px@10,60-25,63 f1:17px@44,57-48,61 f1:14px@8,52-12,55 f1:8px@30,58-32,61 f2:144px@43,42-55,63 f2:47px@22,60-36,63 f2:33px@4,55-10,61 f2:22px@32,51-37,55 f2:10px@57,57-59,60 f2:6px@19,51-20,54 f2:6px@14,60-17,62 f2:4px@43,57-43,60",,1391;1410;1136
hera_swing,hera,swing,REPAIRABLE,,REPAIRABLE,,,256,64,4,4,19,0,1213;1192;1081;1064,29.61;29.1;26.39;25.98,63;63;62;63,0;0;0;1,1,0;0;0;0,0;0;0;0,0;0;0;0,7,"f0:114px@39,51-51,63 f0:97px@18,58-36,63 f1:101px@33,53-45,63 f1:78px@12,59-29,63 f2:108px@17,52-38,62 f3:94px@37,53-49,63 f3:44px@9,12-15,19",,1585;991;1822
hermes_batting_stance,hermes,batting_stance,NEEDS_ART,blank frame(s) 0 (under 200 opaque px),NEEDS_ART,f0 blank after background (181 px),,64,64,1,1,6,0,181,4.42,62,0,0,0,0,0,1,"f0:53px@14,55-22,62",,
hermes_celebrate,hermes,celebrate,NEEDS_ART,blank frame(s) 0 (under 200 opaque px),NEEDS_ART,f0 blank after background (0 px),,128,64,2,2,18,0,0;993,0.0;24.24,-1;62,0;16,16,0;0,0;0,0;0,0,,,993
hermes_idle,hermes,idle,NEEDS_ART,blank frame(s) 0 (under 200 opaque px),NEEDS_ART,f0 blank after background (0 px),,128,64,2,2,20,0,0;900,0.0;21.97,-1;62,0;0,0,0;0,0;0,0;0,0,,,900
hermes_pitch,hermes,pitch,REPAIRABLE,,REPAIRABLE,,,256,64,4,4,22,0,1148;1157;1169;1076,28.03;28.25;28.54;26.27,63;63;63;63,0;2;0;0,2,0;0;0;0,0;0;0;0,0;0;0;0,6,"f0:250px@24,53-50,63 f1:247px@22,53-48,63 f2:245px@15,53-41,63 f2:75px@50,3-62,11 f3:247px@16,53-42,63 f3:12px@6,4-7,10",,791;1636;1554
hermes_run,hermes,run,REPAIRABLE,,REPAIRABLE,,,256,64,4,4,22,0,805;1005;1002;728,19.65;24.54;24.46;17.77,62;63;63;62,0;13;0;0,13,0;0;0;0,0;0;0;0,0;0;0;0,6,"f1:163px@17,55-41,63 f1:10px@15,50-18,54 f1:9px@48,55-51,58 f1:6px@8,59-11,60 f1:6px@53,62-55,63 f2:187px@14,55-40,63",,1620;759;1537
hermes_swing,hermes,swing,REPAIRABLE,,REPAIRABLE,,,256,64,4,4,22,0,1153;1227;1126;1130,28.15;29.96;27.49;27.59,63;63;63;63,54;1;0;0,55,0;0;0;0,0;0;0;0,0;0;0;0,6,"f0:215px@19,54-45,63 f1:247px@24,53-50,63 f1:18px@14,61-21,63 f2:177px@3,56-30,63 f3:222px@24,54-51,63 f3:4px@6,12-6,15",,1040;1839;1785
huck_finn_batting_stance,huck_finn,batting_stance,REPAIRABLE,,REPAIRABLE,,,64,64,1,1,24,0,1345,32.84,62,28,28,0,0,0,0,,,
huck_finn_celebrate,huck_finn,celebrate,REPAIRABLE,,REPAIRABLE,,,128,64,2,2,25,0,1457;1313,35.57;32.06,62;62,0;0,0,0;0,0;0,0;0,0,,,1419
huck_finn_idle,huck_finn,idle,REPAIRABLE,,REPAIRABLE,,,128,64,2,2,22,0,1225;1152,29.91;28.12,62;62,0;0,0,0;0,0;0,0;0,1,"f0:13px@54,26-56,30",,1165
huck_finn_pitch,huck_finn,pitch,NEEDS_ART,"clipped at canvas edge, frame(s) 2",NEEDS_ART,f2 still clipped after background,,256,64,4,4,25,0,1452;1480;1474;1305,35.45;36.13;35.99;31.86,62;62;62;62,19;4;0;0,23,0;0;13;0,0;0;6;0,0;0;0;0,4,"f0:7px@35,62-41,62 f1:32px@58,50-60,62 f2:88px@49,23-59,32 f2:6px@63,46-63,51",,1933;1647;1853
huck_finn_run,huck_finn,run,REPAIRABLE,,REPAIRABLE,,,256,64,4,4,25,0,1368;1408;1286;1346,33.4;34.38;31.4;32.86,63;63;62;62,0;2;3;2,7,0;0;0;0,0;0;0;0,0;0;0;0,3,"f0:20px@25,62-36,63 f1:7px@16,62-21,63 f2:9px@60,53-60,61",,936;1819;1592
huck_finn_swing,huck_finn,swing,REPAIRABLE,,REPAIRABLE,,,256,64,4,4,24,0,1370;1329;1359;1260,33.45;32.45;33.18;30.76,62;62;62;62,26;0;0;0,26,0;0;0;0,0;0;0;0,0;0;0;0,2,"f0:4px@58,31-58,34 f3:25px@6,37-9,44",,1399;1958;2046
humpty_dumpty_batting_stance,humpty_dumpty,batting_stance,NEEDS_ART,blank frame(s) 0 (under 200 opaque px),NEEDS_ART,f0 blank after background (91 px),,64,64,1,1,10,0,91,2.22,62,0,0,0,0,0,2,"f0:6px@14,61-16,62 f0:5px@44,62-48,62",,
humpty_dumpty_celebrate,humpty_dumpty,celebrate,NEEDS_ART,blank frame(s) 0 (under 200 opaque px),NEEDS_ART,f0 blank after background (0 px),,128,64,2,2,15,0,0;1028,0.0;25.1,-1;62,0;10,10,0;0,0;0,0;0,0,,,1028
humpty_dumpty_idle,humpty_dumpty,idle,NEEDS_ART,blank frame(s) 0 (under 200 opaque px),NEEDS_ART,f0 blank after background (0 px),,128,64,2,2,14,0,0;935,0.0;22.83,-1;62,0;6,6,0;0,0;0,0;0,0,,,935
humpty_dumpty_pitch,humpty_dumpty,pitch,NEEDS_ART,"clipped at canvas edge, frame(s) 2",NEEDS_ART,f2 still clipped after background,,256,64,4,4,17,0,1018;997;1021;1013,24.85;24.34;24.93;24.73,63;63;63;63,10;0;9;19,38,0;0;5;0,0;0;4;0,0;0;0;0,6,"f0:34px@33,61-48,63 f1:53px@56,40-62,48 f1:48px@27,60-43,63 f2:49px@56,17-63,23 f2:33px@22,61-37,63 f3:50px@25,60-41,63",,1477;1236;1686
humpty_dumpty_run,humpty_dumpty,run,REPAIRABLE,,REPAIRABLE,,,256,64,4,4,16,0,981;1028;1012;985,23.95;25.1;24.71;24.05,62;63;63;62,17;23;16;5,61,0;0;0;0,0;0;0;0,0;0;0;0,2,"f1:57px@24,58-40,63 f2:57px@26,60-43,63",,1427;995;1360
humpty_dumpty_swing,humpty_dumpty,swing,REPAIRABLE,,REPAIRABLE,,,256,64,4,4,16,0,1021;1072;988;946,24.93;26.17;24.12;23.1,63;63;62;63,20;1;4;0,25,0;0;0;0,0;0;0;0,0;0;0;0,7,"f0:33px@28,61-43,63 f1:61px@11,58-27,63 f1:15px@2,61-8,63 f2:7px@46,46-52,50 f2:5px@55,29-57,33 f3:6px@41,63-46,63 f3:5px@50,63-54,63",,1515;1665;1797
ichabod_crane_batting_stance,ichabod_crane,batting_stance,REPAIRABLE,,REPAIRABLE,,,64,64,1,1,18,0,1175,28.69,62,0,0,0,0,0,0,,,
ichabod_crane_celebrate,ichabod_crane,celebrate,REPAIRABLE,,REPAIRABLE,,,128,64,2,2,18,0,1252;1158,30.57;28.27,62;62,14;1,15,0;0,0;0,0;0,0,,,1134
ichabod_crane_idle,ichabod_crane,idle,REPAIRABLE,,REPAIRABLE,,,128,64,2,2,19,0,1033;972,25.22;23.73,62;62,0;0,0,0;0,0;0,0;0,0,,,680
ichabod_crane_pitch,ichabod_crane,pitch,NEEDS_ART,"clipped at canvas edge, frame(s) 1,2",NEEDS_ART,f1 still clipped after background; f2 still clipped after background,,256,64,4,4,20,0,956;1190;1137;1122,23.34;29.05;27.76;27.39,62;62;62;62,0;0;0;0,0,0;11;15;0,0;13;9;0,0;0;0;0,9,"f0:13px@28,62-40,62 f0:12px@54,9-55,15 f1:29px@60,47-63,54 f1:26px@32,61-44,62 f1:12px@61,35-63,39 f2:38px@59,13-63,21 f2:28px@31,61-45,62 f3:20px@4,13-6,21 f3:12px@35,62-46,62",,1132;1549;1914
ichabod_crane_run,ichabod_crane,run,REPAIRABLE,,REPAIRABLE,,,256,64,4,4,20,0,1037;1060;1117;1076,25.32;25.88;27.27;26.27,63;63;62;62,0;0;0;0,0,0;0;0;0,0;0;0;0,0;0;0;0,3,"f0:12px@25,63-36,63 f0:4px@12,63-15,63 f1:7px@25,63-31,63",,1085;1587;1012
ichabod_crane_swing,ichabod_crane,swing,NEEDS_ART,"clipped at canvas edge, frame(s) 2",NEEDS_ART,f2 still clipped after background,,256,64,4,4,19,0,1187;1167;1167;1101,28.98;28.49;28.49;26.88,62;62;62;62,0;0;0;3,3,0;0;10;0,0;0;7;0,0;0;1;0,4,"f1:8px@58,51-60,54 f1:4px@60,59-60,62 f2:48px@57,30-63,37 f3:8px@7,32-8,35",,1745;1427;1889
invisible_man_batting_stance,invisible_man,batting_stance,REPAIRABLE,,REPAIRABLE,,,64,64,1,1,19,0,1355,33.08,62,25,25,0,0,13,1,"f0:10px@8,61-13,62",,
invisible_man_celebrate,invisible_man,celebrate,REPAIRABLE,,REPAIRABLE,,,128,64,2,2,19,0,1388;1294,33.89;31.59,62;62,2;12,14,0;0,0;0,12;18,0,,,924
invisible_man_idle,invisible_man,idle,REPAIRABLE,,REPAIRABLE,,,128,64,2,2,19,0,1168;1144,28.52;27.93,62;62,0;0,0,0;0,0;0,11;8,0,,,506
invisible_man_pitch,invisible_man,pitch,NEEDS_ART,"clipped at canvas edge, frame(s) 2",NEEDS_ART,f2 still clipped after background,,256,64,4,4,22,0,1132;1364;1318;1212,27.64;33.3;32.18;29.59,63;63;63;63,0;0;0;0,0,0;0;10;0,0;0;7;0,22;30;19;13,7,"f0:41px@34,61-49,63 f1:48px@22,60-37,63 f1:24px@59,40-62,48 f2:75px@52,12-61,21 f2:74px@18,59-35,63 f2:12px@62,34-63,40 f3:29px@28,61-41,63",,1487;1530;1947
invisible_man_run,invisible_man,run,NEEDS_ART,"clipped at canvas edge, frame(s) 1,2",NEEDS_ART,f1 still clipped after background; f2 still clipped after background,,256,64,4,4,21,0,1269;1397;1212;1224,30.98;34.11;29.59;29.88,63;63;62;62,3;0;3;4,10,0;5;9;0,0;0;13;0,19;20;21;13,6,"f0:79px@26,58-43,63 f0:12px@48,62-54,63 f0:4px@15,63-18,63 f1:80px@23,58-40,63 f1:75px@56,30-62,42 f2:45px@60,50-63,62",,1433;1789;1681
invisible_man_swing,invisible_man,swing,NEEDS_ART,"clipped at canvas edge, frame(s) 2",NEEDS_ART,f2 still clipped after background,,256,64,4,4,22,0,1384;1261;1274;1155,33.79;30.79;31.1;28.2,63;62;62;62,0;0;0;0,0,0;0;5;0,0;0;10;0,10;17;13;16,6,"f0:22px@26,62-38,63 f1:20px@17,61-28,62 f2:8px@0,35-1,39 f2:8px@21,62-28,62 f3:31px@6,24-9,33 f3:8px@41,62-48,62",,1706;949;1407
jack_batting_stance,jack,batting_stance,REPAIRABLE,,REPAIRABLE,,,64,64,1,1,21,0,1474,35.99,62,0,0,0,0,34,0,,,
jack_celebrate,jack,celebrate,REPAIRABLE,,REPAIRABLE,,,128,64,2,2,20,0,1561;1455,38.11;35.52,62;62,0;9,9,0;0,0;0,65;54,0,,,1312
jack_idle,jack,idle,REPAIRABLE,,REPAIRABLE,,,128,64,2,2,21,0,1511;1505,36.89;36.74,62;62,6;3,9,0;0,0;0,35;44,0,,,592
jack_pitch,jack,pitch,REPAIRABLE,,REPAIRABLE,,,256,64,4,4,22,0,1356;1688;1455;1390,33.11;41.21;35.52;33.94,62;62;62;62,1;0;6;4,11,0;0;0;0,0;0;0;0,41;70;40;36,3,"f2:29px@59,27-62,36 f2:11px@53,30-57,33 f3:46px@6,27-11,36",,1497;1809;1971
jack_run,jack,run,REPAIRABLE,,REPAIRABLE,,,256,64,4,4,21,0,1515;1444;1505;1461,36.99;35.25;36.74;35.67,62;62;62;62,4;2;3;0,9,0;0;0;0,0;0;0;0,38;39;29;41,0,,,1142;1144;1204
jack_swing,jack,swing,REPAIRABLE,,REPAIRABLE,,,256,64,4,4,22,0,1402;1356;1499;1445,34.23;33.11;36.6;35.28,62;62;62;62,0;0;2;0,2,0;0;0;0,0;0;0;0,54;50;65;51,2,"f2:72px@50,33-59,41 f2:4px@46,36-47,38",,1078;2009;1310
krampus_batting_stance,krampus,batting_stance,REPAIRABLE,,REPAIRABLE,,,64,64,1,1,17,0,1517,37.04,63,0,0,0,0,0,0,,,
krampus_celebrate,krampus,celebrate,REPAIRABLE,,REPAIRABLE,,,128,64,2,2,15,0,1484;1368,36.23;33.4,62;62,0;0,0,0;0,0;0,0;0,0,,,1208
krampus_idle,krampus,idle,REPAIRABLE,,REPAIRABLE,,,128,64,2,2,16,0,1368;1353,33.4;33.03,62;62,0;0,0,0;0,0;0,0;0,0,,,529
krampus_pitch,krampus,pitch,REPAIRABLE,,REPAIRABLE,,,256,64,4,4,17,0,1536;1533;1358;1346,37.5;37.43;33.15;32.86,63;63;63;63,0;0;0;0,0,0;0;0;0,0;0;0;0,0;0;0;0,5,"f0:52px@26,58-41,63 f1:51px@26,58-41,63 f2:51px@20,58-36,63 f3:65px@4,10-12,18 f3:49px@21,58-36,63",,1224;1666;1846
krampus_run,krampus,run,REPAIRABLE,,REPAIRABLE,,,256,64,4,4,18,0,1316;1310;1281;1260,32.13;31.98;31.27;30.76,63;63;62;62,0;0;0;1,1,0;0;0;0,0;0;0;0,0;0;0;0,3,"f0:21px@30,60-39,63 f1:54px@19,57-27,63 f1:42px@34,59-48,63",,678;2002;671
krampus_swing,krampus,swing,NEEDS_ART,"clipped at canvas edge, frame(s) 2",NEEDS_ART,f2 still clipped after background,,256,64,4,4,19,0,1480;1378;1441;1402,36.13;33.64;35.18;34.23,63;62;62;63,0;0;0;0,0,0;0;10;0,0;0;4;0,0;0;0;0,6,"f0:7px@35,62-39,63 f1:6px@20,61-24,62 f2:42px@0,18-4,27 f2:17px@53,14-61,24 f2:5px@22,61-25,62 f2:4px@49,12-50,13",,1818;1208;1766
lady_liberty_batting_stance,lady_liberty,batting_stance,REPAIRABLE,,REPAIRABLE,,,64,64,1,1,19,0,1532,37.4,63,20,20,0,0,127,2,"f0:28px@22,0-36,1 f0:26px@39,0-52,1",,
lady_liberty_celebrate,lady_liberty,celebrate,REPAIRABLE,,REPAIRABLE,,,128,64,2,2,21,0,1613;1529,39.38;37.33,62;62,0;0,0,0;0,0;0,95;88,0,,,1156
lady_liberty_idle,lady_liberty,idle,REPAIRABLE,,REPAIRABLE,,,128,64,2,2,21,0,1529;1469,37.33;35.86,62;62,12;10,22,0;0,0;0,69;62,0,,,640
lady_liberty_pitch,lady_liberty,pitch,NEEDS_ART,"clipped at canvas edge, frame(s) 2",NEEDS_ART,f2 still clipped after background,,256,64,4,4,21,0,1397;1478;1344;1378,34.11;36.08;32.81;33.64,62;62;62;62,27;18;1;0,46,0;0;8;0,0;0;10;0,86;92;113;127,6,"f1:19px@57,55-59,62 f2:59px@57,29-63,38 f2:12px@50,30-55,31 f2:9px@47,33-54,34 f2:9px@50,37-55,38 f3:19px@2,30-4,37",,1452;1448;2125
lady_liberty_run,lady_liberty,run,REPAIRABLE,,REPAIRABLE,,,256,64,4,4,14,0,1397;1375;1337;1360,34.11;33.57;32.64;33.2,62;62;62;62,1;0;0;0,1,0;0;0;0,0;0;0;0,128;89;92;107,0,,,793;910;716
lady_liberty_swing,lady_liberty,swing,NEEDS_ART,"clipped at canvas edge, frame(s) 2",NEEDS_ART,f2 still clipped after background,,256,64,4,4,23,0,1521;1446;1397;1508,37.13;35.3;34.11;36.82,62;62;62;62,21;0;0;0,21,0;0;5;0,0;0;15;0,129;119;109;129,6,"f0:26px@40,1-52,2 f0:25px@19,1-31,2 f2:9px@61,33-63,37 f2:7px@55,35-57,38 f2:5px@0,40-0,44 f3:56px@2,39-7,50",,1745;1679;1607
long_john_silver_batting_stance,long_john_silver,batting_stance,REPAIRABLE,,REPAIRABLE,,,64,64,1,1,12,0,203,4.96,62,0,0,0,0,0,2,"f0:51px@39,56-51,62 f0:17px@24,61-33,62",,
long_john_silver_celebrate,long_john_silver,celebrate,NEEDS_ART,blank frame(s) 0 (under 200 opaque px),NEEDS_ART,f0 blank after background (0 px),,128,64,2,2,21,0,0;1036,0.0;25.29,-1;62,0;0,0,0;0,0;0,0;0,0,,,1036
long_john_silver_idle,long_john_silver,idle,NEEDS_ART,blank frame(s) 0 (under 200 opaque px),NEEDS_ART,f0 blank after background (0 px),,128,64,2,2,22,0,0;1077,0.0;26.29,-1;62,0;0,0,0;0,0;0,0;0,1,"f1:49px@49,55-56,62",,1077
long_john_silver_pitch,long_john_silver,pitch,REPAIRABLE,,REPAIRABLE,,,256,64,4,4,22,0,1263;1302;1137;1319,30.83;31.79;27.76;32.2,63;63;63;63,0;2;0;0,2,0;0;0;0,0;0;0;0,0;0;0;0,6,"f0:497px@6,48-56,63 f1:460px@2,48-53,63 f1:20px@56,9-60,14 f1:14px@59,20-60,27 f2:450px@8,49-58,63 f3:450px@6,48-55,63",,1280;1396;1415
long_john_silver_run,long_john_silver,run,REPAIRABLE,,REPAIRABLE,,,256,64,4,4,23,0,608;1039;1109;596,14.84;25.37;27.08;14.55,62;63;63;62,0;4;7;0,11,0;0;0;0,0;0;0;0,0;0;0;0,6,"f1:418px@10,47-56,63 f2:285px@37,43-55,63 f2:151px@8,52-36,63 f2:5px@57,46-60,49 f2:4px@53,40-55,43 f2:4px@29,49-32,51",,1575;1255;1592
long_john_silver_swing,long_john_silver,swing,NEEDS_ART,"clipped at canvas edge, frame(s) 2",NEEDS_ART,f2 still clipped after background,,256,64,4,4,23,0,1301;1268;1149;1043,31.76;30.96;28.05;25.46,63;63;63;63,0;0;0;0,0,0;0;1;0,0;0;0;0,0;0;0;0,8,"f0:328px@11,52-54,63 f1:212px@7,55-52,63 f2:41px@11,60-24,63 f2:39px@55,56-61,62 f2:32px@58,7-62,13 f2:24px@27,62-41,63 f3:151px@22,56-58,63 f3:10px@4,7-5,12",,1443;1469;1707
medusa_batting_stance,medusa,batting_stance,NEEDS_ART,blank frame(s) 0 (under 200 opaque px),NEEDS_ART,f0 blank after background (142 px),,64,64,1,1,4,0,142,3.47,62,0,0,0,0,0,1,"f0:38px@14,57-21,62",,
medusa_celebrate,medusa,celebrate,NEEDS_ART,blank frame(s) 0 (under 200 opaque px),NEEDS_ART,f0 blank after background (0 px),,128,64,2,2,18,0,0;1228,0.0;29.98,-1;62,0;0,0,0;0,0;0,0;0,1,"f1:10px@44,32-47,37",,1228
medusa_idle,medusa,idle,NEEDS_ART,blank frame(s) 0 (under 200 opaque px),NEEDS_ART,f0 blank after background (0 px),,128,64,2,2,16,0,0;1114,0.0;27.2,-1;62,0;0,0,0;0,0;0,0;0,0,,,1114
medusa_pitch,medusa,pitch,REPAIRABLE,,REPAIRABLE,,,256,64,4,4,20,0,1214;1150;1179;1231,29.64;28.08;28.78;30.05,63;63;63;63,2;0;0;0,2,0;0;0;0,0;0;0;0,2;0;0;0,9,"f0:301px@24,48-51,63 f1:325px@18,48-48,63 f2:322px@11,48-41,63 f2:11px@53,3-58,4 f2:6px@52,0-57,0 f2:4px@62,2-62,5 f2:4px@57,7-60,7 f3:341px@17,48-48,63 f3:48px@6,0-12,7",,909;1485;1820
medusa_run,medusa,run,REPAIRABLE,,REPAIRABLE,,,256,64,4,4,13,0,707;962;989;726,17.26;23.49;24.15;17.72,62;63;63;62,0;0;0;0,0,0;0;0;0,0;0;0;0,0;0;0;0,10,"f1:179px@22,52-40,63 f1:115px@41,44-51,63 f1:8px@14,50-17,54 f1:7px@8,60-11,63 f2:164px@18,52-37,63 f2:125px@38,44-47,63 f2:22px@8,60-14,63 f2:6px@15,49-18,51 f2:6px@52,61-55,63 f2:5px@10,54-12,56",,1525;960;1572
medusa_swing,medusa,swing,REPAIRABLE,,REPAIRABLE,,,256,64,4,4,19,0,1118;1179;1053;990,27.29;28.78;25.71;24.17,63;63;63;63,0;0;0;0,0,0;0;0;0,0;0;0;0,1;0;0;0,7,"f0:195px@20,51-39,63 f0:72px@41,54-49,63 f1:189px@23,51-42,63 f1:71px@11,54-19,63 f2:147px@18,54-36,63 f2:58px@40,8-52,22 f3:111px@38,55-54,63",,1006;1411;1211
mother_nature_batting_stance,mother_nature,batting_stance,REPAIRABLE,,REPAIRABLE,,,64,64,1,1,13,0,255,6.23,62,0,0,0,0,0,1,"f0:75px@12,52-21,62",,
mother_nature_celebrate,mother_nature,celebrate,NEEDS_ART,blank frame(s) 0 (under 200 opaque px),NEEDS_ART,f0 blank after background (103 px),,128,64,2,2,22,0,103;1558,2.51;38.04,62;62,0;24,24,0;0,0;0,0;0,2,"f0:9px@34,57-36,62 f0:4px@36,52-36,55",,1527
mother_nature_idle,mother_nature,idle,NEEDS_ART,blank frame(s) 0 (under 200 opaque px),NEEDS_ART,f0 blank after background (0 px),,128,64,2,2,23,0,0;1382,0.0;33.74,-1;62,0;17,17,0;0,0;0,0;0,0,,,1382
mother_nature_pitch,mother_nature,pitch,REPAIRABLE,,REPAIRABLE,,,256,64,4,4,23,0,1309;1313;1294;1284,31.96;32.06;31.59;31.35,63;63;63;63,16;12;6;30,64,0;0;0;0,0;0;0;0,0;0;0;0,6,"f0:373px@24,47-52,63 f1:353px@29,48-56,63 f2:342px@22,49-50,63 f2:48px@55,1-61,8 f3:331px@29,48-56,63 f3:4px@4,3-4,6",,1344;1444;1683
mother_nature_run,mother_nature,run,REPAIRABLE,,REPAIRABLE,,,256,64,4,4,25,0,1174;1448;1279;1116,28.66;35.35;31.23;27.25,63;63;63;62,28;27;19;31,105,0;0;0;0,0;0;0;0,0;0;0;0,4,"f0:16px@54,61-60,63 f1:326px@12,49-38,63 f1:5px@4,62-6,63 f2:208px@27,51-52,63",,1399;1246;2109
mother_nature_swing,mother_nature,swing,REPAIRABLE,,REPAIRABLE,,,256,64,4,4,24,0,1362;1391;1346;1269,33.25;33.96;32.86;30.98,63;63;63;63,11;11;17;16,55,0;0;0;0,0;0;0;0,0;0;0;0,6,"f0:273px@13,50-37,63 f1:305px@22,49-48,63 f1:40px@9,59-18,63 f2:278px@14,50-40,63 f3:213px@34,52-57,63 f3:74px@6,16-15,23",,1135;1671;2020
mr_hyde_batting_stance,mr_hyde,batting_stance,REPAIRABLE,,REPAIRABLE,,,64,64,1,1,19,0,1057,25.81,62,0,0,0,0,0,2,"f0:54px@24,59-37,62 f0:39px@6,57-13,62",,
mr_hyde_celebrate,mr_hyde,celebrate,REPAIRABLE,,REPAIRABLE,,,128,64,2,2,21,0,1103;1275,26.93;31.13,62;62,0;0,0,0;0,0;0,0;0,0,,,1241
mr_hyde_idle,mr_hyde,idle,REPAIRABLE,,REPAIRABLE,,,128,64,2,2,21,0,973;944,23.75;23.05,62;62,17;14,31,0;0,0;0,0;0,0,,,462
mr_hyde_pitch,mr_hyde,pitch,REPAIRABLE,,REPAIRABLE,,,256,64,4,4,21,0,1194;1179;1100;1141,29.15;28.78;26.86;27.86,63;63;63;63,0;0;32;35,67,0;0;0;0,0;0;0;0,0;0;0;0,6,"f0:242px@28,50-52,63 f1:219px@26,51-50,63 f1:25px@57,26-61,35 f2:238px@25,50-49,63 f2:31px@56,1-62,6 f3:213px@27,52-51,63",,1395;1233;1539
mr_hyde_run,mr_hyde,run,REPAIRABLE,,REPAIRABLE,,,256,64,4,4,22,0,1063;978;733;866,25.95;23.88;17.9;21.14,63;63;62;62,5;0;0;0,5,0;0;0;0,0;0;0;0,0;0;0;0,3,"f0:144px@33,55-53,63 f1:119px@26,56-45,63 f1:45px@49,52-56,63",,1050;1582;1040
mr_hyde_swing,mr_hyde,swing,REPAIRABLE,,REPAIRABLE,,,256,64,4,4,21,0,1108;1159;1119;1059,27.05;28.3;27.32;25.85,63;63;63;63,2;0;0;1,3,0;0;0;0,0;0;0;0,0;0;0;0,6,"f0:161px@19,54-43,63 f1:172px@21,53-42,63 f1:31px@9,59-16,63 f2:186px@7,53-31,63 f3:157px@35,54-55,63 f3:20px@7,19-10,24",,1332;1821;1913
mrs_claus_batting_stance,mrs_claus,batting_stance,REPAIRABLE,,REPAIRABLE,,,64,64,1,1,12,0,1332,32.52,63,19,19,0,0,0,2,"f0:278px@16,48-44,63 f0:71px@6,51-14,63",,
mrs_claus_celebrate,mrs_claus,celebrate,NEEDS_ART,"blank frame(s) 0 (under 200 opaque px); clipped at canvas edge, frame(s) 1",NEEDS_ART,f0 blank after background (151 px); f1 still clipped after background,,128,64,2,2,7,0,151;809,3.69;19.75,62;62,0;1,1,0;13,0;1,0;0,4,"f0:7px@31,59-37,59 f0:4px@37,32-37,35 f0:4px@34,62-37,62 f1:20px@31,15-35,22",,933
mrs_claus_idle,mrs_claus,idle,NEEDS_ART,blank frame(s) 0 (under 200 opaque px),NEEDS_ART,f0 blank after background (100 px),,128,64,2,2,15,0,100;1118,2.44;27.29,62;62,0;75,75,0;0,0;0,0;0,3,"f0:28px@35,60-46,62 f0:25px@24,56-32,62 f1:9px@4,58-6,62",,1218
mrs_claus_pitch,mrs_claus,pitch,REPAIRABLE,,REPAIRABLE,,,256,64,4,4,17,0,1125;1186;1107;1038,27.47;28.96;27.03;25.34,63;63;63;63,0;10;0;0,10,0;0;0;0,0;0;0;0,0;0;0;0,7,"f0:390px@11,47-48,63 f1:394px@10,47-52,63 f2:380px@9,47-48,63 f2:4px@55,0-58,0 f3:341px@23,47-55,63 f3:8px@17,62-21,63 f3:4px@5,0-8,0",,1115;1475;1429
mrs_claus_run,mrs_claus,run,REPAIRABLE,,REPAIRABLE,,,256,64,4,4,13,0,718;1118;809;707,17.53;27.29;19.75;17.26,63;63;63;62,7;0;0;0,7,0;0;0;0,0;0;0;0,0;0;0;0,7,"f0:69px@6,0-25,6 f0:39px@49,49-56,58 f0:11px@50,62-56,63 f1:431px@5,43-38,63 f2:33px@44,59-57,63 f2:18px@32,59-39,63 f2:8px@20,63-27,63",,1523;1450;1374
mrs_claus_swing,mrs_claus,swing,NEEDS_ART,"clipped at canvas edge, frame(s) 2",NEEDS_ART,f2 still clipped after background,,256,64,4,4,18,0,1058;1182;1139;1022,25.83;28.86;27.81;24.95,63;63;63;63,23;0;22;0,45,0;0;6;0,0;0;5;0,0;0;1;0,11,"f0:354px@22,46-51,63 f1:299px@21,46-49,63 f1:83px@10,52-19,63 f2:324px@15,48-43,63 f2:28px@0,13-4,18 f2:10px@50,61-59,61 f2:8px@62,59-63,63 f2:5px@59,9-60,13 f2:4px@53,22-56,24 f3:260px@30,48-57,63 f3:36px@6,57-11,63",,1425;1344;1695
pan_batting_stance,pan,batting_stance,NEEDS_ART,"clipped at canvas edge, frame(s) 0",NEEDS_ART,f0 blank after background (65 px),,64,64,1,1,14,0,4096,100.0,63,0,0,64,64,4031,0,,,
pan_celebrate,pan,celebrate,NEEDS_ART,"clipped at canvas edge, frame(s) 0,1",NEEDS_ART,f0 blank after background (0 px),,128,64,2,2,18,0,4096;4096,100.0;100.0,63;63,0;0,0,64;64,64;64,4096;3020,0,,,1072
pan_idle,pan,idle,NEEDS_ART,"clipped at canvas edge, frame(s) 0,1",NEEDS_ART,f0 blank after background (0 px),,128,64,2,2,18,0,4096;4096,100.0;100.0,63;63,0;0,0,64;64,64;64,4096;3012,0,,,1081
pan_pitch,pan,pitch,NEEDS_ART,"clipped at canvas edge, frame(s) 0,1,2,3",NEEDS_ART,f2 still clipped after background; f3 still clipped after background,,256,64,4,4,19,0,4096;4096;4096;4096,100.0;100.0;100.0;100.0,63;63;63;63,0;0;0;0,0,64;64;64;64,64;64;64;64,3130;2869;2919;3037,0,,,1320;1579;1254
pan_run,pan,run,NEEDS_ART,"clipped at canvas edge, frame(s) 0,1,2,3",REPAIRABLE,,yes,256,64,4,4,19,0,4096;4096;4096;4096,100.0;100.0;100.0;100.0,63;63;63;63,0;0;0;0,0,64;64;64;64,64;64;64;64,3175;2906;3091;3109,0,,,1154;1247;1058
pan_swing,pan,swing,NEEDS_ART,"clipped at canvas edge, frame(s) 0,1,2,3",NEEDS_ART,f1 still clipped after background; f2 still clipped after background; f3 still clipped after background,,256,64,4,4,19,0,4096;4096;4096;4096,100.0;100.0;100.0;100.0,63;63;63;63,0;0;0;0,0,64;64;64;64,64;64;64;64,2871;2912;2775;3017,0,,,1503;1824;1254
paul_bunyan_batting_stance,paul_bunyan,batting_stance,REPAIRABLE,,REPAIRABLE,,,64,64,1,1,22,0,1619,39.53,62,0,0,0,0,0,0,,,
paul_bunyan_celebrate,paul_bunyan,celebrate,REPAIRABLE,,REPAIRABLE,,,128,64,2,2,24,0,1858;1814,45.36;44.29,62;62,0;0,0,0;0,0;0,0;0,0,,,1355
paul_bunyan_idle,paul_bunyan,idle,REPAIRABLE,,REPAIRABLE,,,128,64,2,2,24,0,1785;1713,43.58;41.82,62;62,2;4,6,0;0,0;0,0;0,0,,,1088
paul_bunyan_pitch,paul_bunyan,pitch,NEEDS_ART,"clipped at canvas edge, frame(s) 2",NEEDS_ART,f2 still clipped after background,,256,64,4,4,24,0,1687;1344;1556;1558,41.19;32.81;37.99;38.04,62;62;62;62,0;0;0;0,0,0;0;7;0,0;0;10;0,0;0;0;0,3,"f1:5px@59,58-59,62 f2:28px@60,20-63,29 f3:51px@3,20-8,29",,1807;1561;2030
paul_bunyan_run,paul_bunyan,run,REPAIRABLE,,REPAIRABLE,,,256,64,4,4,23,0,1657;1682;1562;1635,40.45;41.06;38.13;39.92,63;63;62;62,0;0;4;0,4,0;0;0;0,0;0;0;0,0;0;0;0,2,"f0:123px@8,53-24,63 f1:133px@11,53-27,63",,1156;2202;1230
paul_bunyan_swing,paul_bunyan,swing,NEEDS_ART,"clipped at canvas edge, frame(s) 2",NEEDS_ART,f2 still clipped after background,,256,64,4,4,24,0,1644;1497;1633;1592,40.14;36.55;39.87;38.87,62;62;62;62,0;0;0;0,0,0;0;8;0,0;0;19;0,0;0;0;0,3,"f2:65px@0,29-8,37 f3:48px@3,42-8,50 f3:44px@3,31-7,40",,1701;1393;2092
peter_pan_batting_stance,peter_pan,batting_stance,REPAIRABLE,,REPAIRABLE,,,64,64,1,1,21,0,990,24.17,62,16,16,0,0,0,1,"f0:5px@45,58-45,62",,
peter_pan_celebrate,peter_pan,celebrate,REPAIRABLE,,REPAIRABLE,,,128,64,2,2,25,0,1202;1164,29.35;28.42,62;62,7;1,8,0;0,0;0,0;0,1,"f1:4px@3,26-3,29",,1438
peter_pan_idle,peter_pan,idle,REPAIRABLE,,REPAIRABLE,,,128,64,2,2,25,0,1033;1243,25.22;30.35,62;62,0;0,0,0;0,0;0,0;0,3,"f1:45px@4,17-7,33 f1:32px@4,56-9,62 f1:27px@4,45-7,53",,1569
peter_pan_pitch,peter_pan,pitch,REPAIRABLE,,REPAIRABLE,,,256,64,4,4,25,0,1174;1136;1198;1103,28.66;27.73;29.25;26.93,62;62;62;62,0;0;0;0,0,0;0;0;0,0;0;0;0,2;0;0;0,1,"f2:72px@53,24-62,32",,1077;1396;1499
peter_pan_run,peter_pan,run,REPAIRABLE,,REPAIRABLE,,,256,64,4,4,25,0,1205;1102;1068;1142,29.42;26.9;26.07;27.88,62;62;62;62,2;0;0;0,2,0;0;0;0,0;0;0;0,0;0;0;0,5,"f0:11px@16,1-26,1 f1:14px@28,0-41,0 f2:14px@33,0-46,0 f2:5px@12,0-16,0 f3:13px@33,0-45,0",,908;990;1048
peter_pan_swing,peter_pan,swing,REPAIRABLE,,REPAIRABLE,,,256,64,4,4,25,0,1294;1065;1256;1145,31.59;26.0;30.66;27.95,62;62;62;62,12;0;0;0,12,0;0;0;0,0;0;0;0,0;0;1;0,1,"f2:26px@57,23-60,30",,822;1723;1899
phoenix_batting_stance,phoenix,batting_stance,NEEDS_ART,"clipped at canvas edge, frame(s) 0",NEEDS_ART,f0 blank after background (107 px),,64,64,1,1,15,0,4096,100.0,63,0,0,64,64,3989,0,,,
phoenix_celebrate,phoenix,celebrate,NEEDS_ART,"clipped at canvas edge, frame(s) 0,1",NEEDS_ART,f0 blank after background (96 px); f1 still clipped after background,,128,64,2,2,17,0,4096;4096,100.0;100.0,63;63,0;0,0,64;64,64;64,4000;2043,0,,,2058
phoenix_idle,phoenix,idle,NEEDS_ART,"clipped at canvas edge, frame(s) 0,1",NEEDS_ART,f0 still clipped after background; f1 still clipped after background,,128,64,2,2,20,0,4096;4096,100.0;100.0,63;63,0;0,0,64;64,64;64,3835;2511,0,,,1796
phoenix_pitch,phoenix,pitch,NEEDS_ART,"clipped at canvas edge, frame(s) 0,1,2,3",NEEDS_ART,f1 still clipped after background; f2 still clipped after background; f3 still clipped after background,,256,64,4,4,23,0,4096;4096;4096;4096,100.0;100.0;100.0;100.0,63;63;63;63,0;0;0;0,0,64;64;64;64,64;64;64;64,2337;2282;2308;2385,0,,,1290;1680;1778
phoenix_run,phoenix,run,NEEDS_ART,"clipped at canvas edge, frame(s) 0,1,2,3",NEEDS_ART,f0 still clipped after background; f1 still clipped after background; f2 still clipped after background; f3 still clipped after background,,256,64,4,4,21,0,4096;4096;4096;4096,100.0;100.0;100.0;100.0,63;63;63;63,0;0;0;0,0,64;64;64;64,64;64;64;64,2743;2177;2603;2771,0,,,1424;1415;727
phoenix_swing,phoenix,swing,NEEDS_ART,"clipped at canvas edge, frame(s) 0,1,2,3",NEEDS_ART,f1 still clipped after background; f2 still clipped after background; f3 still clipped after background,,256,64,4,4,19,0,4096;4096;4096;4096,100.0;100.0;100.0;100.0,63;63;63;63,0;0;0;0,0,64;64;64;64,64;64;64;64,2316;2210;2354;2277,0,,,1547;1533;1919
pirate_batting_stance,pirate,batting_stance,NEEDS_ART,"clipped at canvas edge, frame(s) 0",NEEDS_ART,f0 blank after background (36 px),,64,64,1,1,9,0,4096,100.0,63,0,0,64,64,4060,0,,,
pirate_celebrate,pirate,celebrate,NEEDS_ART,"clipped at canvas edge, frame(s) 0,1",NEEDS_ART,f0 blank after background (0 px),,128,64,2,2,24,0,4096;4096,100.0;100.0,63;63,0;0,0,64;64,64;64,4096;2725,0,,,1339
pirate_idle,pirate,idle,NEEDS_ART,"clipped at canvas edge, frame(s) 0,1",NEEDS_ART,f0 blank after background (0 px),,128,64,2,2,25,0,4096;4096,100.0;100.0,63;63,0;0,0,64;64,64;64,4096;2751,0,,,1316
pirate_pitch,pirate,pitch,NEEDS_ART,"clipped at canvas edge, frame(s) 0,1,2,3",NEEDS_ART,f2 still clipped after background; f3 still clipped after background,,256,64,4,4,25,0,4096;4096;4096;4096,100.0;100.0;100.0;100.0,63;63;63;63,0;0;0;0,0,64;64;64;64,64;64;64;64,2805;2816;2791;2967,0,,,1146;1681;1520
pirate_run,pirate,run,NEEDS_ART,"clipped at canvas edge, frame(s) 0,1,2,3",REPAIRABLE,,yes,256,64,4,4,25,0,4096;4096;4096;4096,100.0;100.0;100.0;100.0,63;63;63;63,0;0;0;0,0,64;64;64;64,64;64;64;64,3121;3012;3134;3067,0,,,1176;1175;1164
pirate_swing,pirate,swing,NEEDS_ART,"clipped at canvas edge, frame(s) 0,1,2,3",NEEDS_ART,f2 still clipped after background; f3 still clipped after background,,256,64,4,4,25,0,4096;4096;4096;4096,100.0;100.0;100.0;100.0,63;63;63;63,0;0;0;0,0,64;64;64;64,64;64;64;64,2874;2960;2939;3072,0,,,1549;1663;1770
popeye_batting_stance,popeye,batting_stance,REPAIRABLE,,REPAIRABLE,,,64,64,1,1,19,0,389,9.5,63,0,0,0,0,0,3,"f0:23px@35,0-42,2 f0:12px@22,0-25,2 f0:12px@27,0-30,2",,
popeye_celebrate,popeye,celebrate,NEEDS_ART,blank frame(s) 0 (under 200 opaque px),NEEDS_ART,f0 blank after background (0 px),,128,64,2,2,20,0,0;1403,0.0;34.25,-1;62,0;0,0,0;0,0;0,0;0,0,,,1403
popeye_idle,popeye,idle,NEEDS_ART,blank frame(s) 0 (under 200 opaque px),NEEDS_ART,f0 blank after background (0 px),,128,64,2,2,20,0,0;1397,0.0;34.11,-1;62,0;0,0,0;0,0;0,0;0,0,,,1397
popeye_pitch,popeye,pitch,NEEDS_ART,"clipped at canvas edge, frame(s) 2",NEEDS_ART,f2 still clipped after background,,256,64,4,4,22,0,1539;1598;1437;1486,37.57;39.01;35.08;36.28,62;62;62;62,1;4;0;0,5,0;0;12;0,0;0;5;0,0;0;0;0,14,"f0:34px@38,1-54,2 f0:28px@13,1-26,2 f1:47px@57,52-61,62 f1:32px@26,1-41,2 f1:28px@2,1-15,2 f2:32px@25,1-40,2 f2:28px@1,1-14,2 f2:16px@52,26-59,27 f2:9px@56,29-61,30 f2:5px@56,23-60,23 f2:5px@63,24-63,28 f3:76px@2,21-10,31 f3:34px@37,1-53,2 f3:26px@16,1-28,2",,1736;1899;1990
popeye_run,popeye,run,REPAIRABLE,,REPAIRABLE,,,256,64,4,4,20,0,1506;1493;1379;1528,36.77;36.45;33.67;37.3,62;62;62;62,0;1;0;21,22,0;0;0;0,0;0;0;0,0;0;0;0,0,,,750;901;980
popeye_swing,popeye,swing,NEEDS_ART,"clipped at canvas edge, frame(s) 2",NEEDS_ART,f2 still clipped after background,,256,64,4,4,21,0,1543;1380;1449;1331,37.67;33.69;35.38;32.5,62;63;63;62,0;0;0;0,0,0;0;9;0,0;0;10;0,0;0;0;0,7,"f1:28px@40,0-53,1 f2:32px@1,0-16,1 f2:28px@0,44-3,52 f2:6px@53,35-55,38 f2:6px@52,51-55,54 f2:4px@49,35-49,38 f3:15px@5,39-7,45",,1882;849;2144
poseidon_batting_stance,poseidon,batting_stance,NEEDS_ART,"clipped at canvas edge, frame(s) 0",NEEDS_ART,f0 blank after background (59 px),,64,64,1,1,9,0,4096,100.0,63,0,0,64,64,4037,0,,,
poseidon_celebrate,poseidon,celebrate,NEEDS_ART,"clipped at canvas edge, frame(s) 0,1",NEEDS_ART,f0 blank after background (0 px),,128,64,2,2,20,0,4096;4096,100.0;100.0,63;63,0;0,0,64;64,64;64,4096;2503,0,,,1538
poseidon_idle,poseidon,idle,NEEDS_ART,"clipped at canvas edge, frame(s) 0,1",NEEDS_ART,f0 blank after background (0 px),,128,64,2,2,20,0,4096;4096,100.0;100.0,63;63,0;0,0,64;64,64;64,4096;2707,0,,,1308
poseidon_pitch,poseidon,pitch,NEEDS_ART,"clipped at canvas edge, frame(s) 0,1,2,3",NEEDS_ART,f1 still clipped after background; f2 still clipped after background,,256,64,4,4,22,0,4096;4096;4096;4096,100.0;100.0;100.0;100.0,63;63;63;63,0;0;0;0,0,64;64;64;64,64;64;64;64,2848;3005;2616;2874,0,,,1466;1475;1652
poseidon_run,poseidon,run,NEEDS_ART,"clipped at canvas edge, frame(s) 0,1,2,3",REPAIRABLE,,yes,256,64,4,4,20,0,4096;4096;4096;4096,100.0;100.0;100.0;100.0,63;63;63;63,0;0;0;0,0,64;64;64;64,64;64;64;64,3030;2841;2786;3022,0,,,1190;1163;852
poseidon_swing,poseidon,swing,NEEDS_ART,"clipped at canvas edge, frame(s) 0,1,2,3",NEEDS_ART,f1 still clipped after background; f3 still clipped after background,,256,64,4,4,23,0,4096;4096;4096;4096,100.0;100.0;100.0;100.0,63;63;63;63,0;0;0;0,0,64;64;64;64,64;64;64;64,2830;2803;2894;2918,0,,,1567;1304;2008
quasimodo_batting_stance,quasimodo,batting_stance,NEEDS_ART,"clipped at canvas edge, frame(s) 0",NEEDS_ART,f0 blank after background (3 px),,64,64,1,1,2,0,4096,100.0,63,0,0,64,64,4093,0,,,
quasimodo_celebrate,quasimodo,celebrate,NEEDS_ART,"clipped at canvas edge, frame(s) 0,1",NEEDS_ART,f0 blank after background (0 px),,128,64,2,2,19,0,4096;4096,100.0;100.0,63;63,0;0,0,64;64,64;64,4096;2711,0,,,1378
quasimodo_idle,quasimodo,idle,NEEDS_ART,"clipped at canvas edge, frame(s) 0,1",NEEDS_ART,f0 blank after background (0 px),,128,64,2,2,19,0,4096;4096,100.0;100.0,63;63,0;0,0,64;64,64;64,4096;2988,0,,,1096
quasimodo_pitch,quasimodo,pitch,NEEDS_ART,"clipped at canvas edge, frame(s) 0,1,2,3",NEEDS_ART,f1 still clipped after background; f2 still clipped after background; f3 still clipped after background,,256,64,4,4,23,0,4096;4096;4096;4096,100.0;100.0;100.0;100.0,63;63;63;63,0;0;0;0,0,64;64;64;64,64;64;64;64,3003;2777;2853;2881,0,,,1417;1769;1697
quasimodo_run,quasimodo,run,NEEDS_ART,"clipped at canvas edge, frame(s) 0,1,2,3",REPAIRABLE,,yes,256,64,4,4,20,0,4096;4096;4096;4096,100.0;100.0;100.0;100.0,63;63;63;63,0;0;0;0,0,64;64;64;64,64;64;64;64,3042;2882;2955;2979,0,,,999;1113;875
quasimodo_swing,quasimodo,swing,NEEDS_ART,"clipped at canvas edge, frame(s) 0,1,2,3",NEEDS_ART,f2 still clipped after background; f3 still clipped after background,,256,64,4,4,24,0,4096;4096;4096;4096,100.0;100.0;100.0;100.0,63;63;63;63,0;0;0;0,0,64;64;64;64,64;64;64;64,2913;2865;2879;2881,0,,,1695;1543;1941
rabid_dog_batting_stance,rabid_dog,batting_stance,NEEDS_ART,"clipped at canvas edge, frame(s) 0",NEEDS_ART,f0 blank after background (26 px),,64,64,1,1,9,0,4096,100.0,63,0,0,64,64,4070,0,,,
rabid_dog_celebrate,rabid_dog,celebrate,NEEDS_ART,"clipped at canvas edge, frame(s) 0,1",NEEDS_ART,f0 blank after background (38 px); f1 still clipped after background,,128,64,2,2,24,0,4096;4096,100.0;100.0,63;63,0;0,0,64;64,64;64,4058;2539,0,,,1575
rabid_dog_idle,rabid_dog,idle,NEEDS_ART,"clipped at canvas edge, frame(s) 0,1",NEEDS_ART,f0 blank after background (19 px); f1 still clipped after background,,128,64,2,2,22,0,4096;4096,100.0;100.0,63;63,0;0,0,64;64,64;64,4077;2665,0,,,1439
rabid_dog_pitch,rabid_dog,pitch,NEEDS_ART,"clipped at canvas edge, frame(s) 0,1,2,3",NEEDS_ART,f1 still clipped after background; f2 still clipped after background; f3 still clipped after background,,256,64,4,4,24,0,4096;4096;4096;4096,100.0;100.0;100.0;100.0,63;63;63;63,0;0;0;0,0,64;64;64;64,64;64;64;64,2880;2919;2856;2922,0,,,1640;1436;1455
rabid_dog_run,rabid_dog,run,NEEDS_ART,"clipped at canvas edge, frame(s) 0,1,2,3",REPAIRABLE,,yes,256,64,4,4,24,0,4096;4096;4096;4096,100.0;100.0;100.0;100.0,63;63;63;63,0;0;0;0,0,64;64;64;64,64;64;64;64,2934;2895;2739;3032,0,,,1132;1237;1177
rabid_dog_swing,rabid_dog,swing,NEEDS_ART,"clipped at canvas edge, frame(s) 0,1,2,3",NEEDS_ART,f1 still clipped after background; f2 still clipped after background; f3 still clipped after background,,256,64,4,4,24,0,4096;4096;4096;4096,100.0;100.0;100.0;100.0,63;63;63;63,0;0;0;0,0,64;64;64;64,64;64;64;64,2806;2705;2553;2760,0,,,1705;1575;1922
ringmaster_batting_stance,ringmaster,batting_stance,NEEDS_ART,"clipped at canvas edge, frame(s) 0",REPAIRABLE,,yes,64,64,1,1,24,0,4096,100.0,63,0,0,64,64,2906,0,,,
ringmaster_celebrate,ringmaster,celebrate,NEEDS_ART,"clipped at canvas edge, frame(s) 0,1",REPAIRABLE,,yes,128,64,2,2,25,0,4096;4096,100.0;100.0,63;63,0;0,0,64;64,64;64,2957;3118,0,,,1367
ringmaster_idle,ringmaster,idle,NEEDS_ART,"clipped at canvas edge, frame(s) 0,1",REPAIRABLE,,yes,128,64,2,2,24,0,4096;4096,100.0;100.0,63;63,0;0,0,64;64,64;64,3015;3042,0,,,1936
ringmaster_pitch,ringmaster,pitch,NEEDS_ART,"clipped at canvas edge, frame(s) 0,1,2,3",NEEDS_ART,f1 still clipped after background; f2 still clipped after background; f3 still clipped after background,,256,64,4,4,25,0,4096;4096;4096;4096,100.0;100.0;100.0;100.0,63;63;63;63,0;0;0;0,0,64;64;64;64,64;64;64;64,3040;2967;3036;3078,0,,,1359;1632;1250
ringmaster_run,ringmaster,run,NEEDS_ART,"clipped at canvas edge, frame(s) 0,1,2,3",REPAIRABLE,,yes,256,64,4,4,24,0,4096;4096;4096;4096,100.0;100.0;100.0;100.0,63;63;63;63,0;0;0;0,0,64;64;64;64,64;64;64;64,3116;3098;3361;3442,0,,,1242;1118;867
ringmaster_swing,ringmaster,swing,NEEDS_ART,"clipped at canvas edge, frame(s) 0,1,2,3",REPAIRABLE,,yes,256,64,4,4,24,0,4096;4096;4096;4096,100.0;100.0;100.0;100.0,63;63;63;63,0;0;0;0,0,64;64;64;64,64;64;64;64,2922;3054;3100;3077,0,,,1104;1692;1429
santa_batting_stance,santa,batting_stance,NEEDS_ART,"clipped at canvas edge, frame(s) 0",NEEDS_ART,f0 blank after background (149 px),,64,64,1,1,13,0,4096,100.0,63,0,0,64,64,3947,0,,,
santa_celebrate,santa,celebrate,NEEDS_ART,"clipped at canvas edge, frame(s) 0,1",NEEDS_ART,f0 blank after background (0 px),,128,64,2,2,24,0,4096;4096,100.0;100.0,63;63,0;0,0,64;64,64;64,4096;2757,0,,,1333
santa_idle,santa,idle,NEEDS_ART,"clipped at canvas edge, frame(s) 0,1",NEEDS_ART,f0 blank after background (0 px),,128,64,2,2,23,0,4096;4096,100.0;100.0,63;63,0;0,0,64;64,64;64,4096;2809,0,,,1279
santa_pitch,santa,pitch,NEEDS_ART,"clipped at canvas edge, frame(s) 0,1,2,3",NEEDS_ART,f2 still clipped after background; f3 still clipped after background,,256,64,4,4,24,0,4096;4096;4096;4096,100.0;100.0;100.0;100.0,63;63;63;63,0;0;0;0,0,64;64;64;64,64;64;64;64,2643;2565;2772;2731,0,,,1417;1677;1208
santa_run,santa,run,NEEDS_ART,"clipped at canvas edge, frame(s) 0,1,2,3",REPAIRABLE,,yes,256,64,4,4,25,0,4096;4096;4096;4096,100.0;100.0;100.0;100.0,63;63;63;63,0;0;0;0,0,64;64;64;64,64;64;64;64,2854;2819;2758;2789,0,,,1191;1361;1076
santa_swing,santa,swing,NEEDS_ART,"clipped at canvas edge, frame(s) 0,1,2,3",NEEDS_ART,f1 still clipped after background; f2 still clipped after background; f3 still clipped after background,,256,64,4,4,24,0,4096;4096;4096;4096,100.0;100.0;100.0;100.0,63;63;63;63,0;0;0;0,0,64;64;64;64,64;64;64;64,2639;2755;2709;2814,0,,,1741;1583;1482
sasquatch_batting_stance,sasquatch,batting_stance,NEEDS_ART,"clipped at canvas edge, frame(s) 0",REPAIRABLE,,yes,64,64,1,1,17,0,4096,100.0,63,0,0,64,64,2689,0,,,
sasquatch_celebrate,sasquatch,celebrate,NEEDS_ART,"clipped at canvas edge, frame(s) 0,1",REPAIRABLE,,yes,128,64,2,2,18,0,4096;4096,100.0;100.0,63;63,0;0,0,64;64,64;64,2593;2634,0,,,1366
sasquatch_idle,sasquatch,idle,NEEDS_ART,"clipped at canvas edge, frame(s) 0,1",REPAIRABLE,,yes,128,64,2,2,17,0,4096;4096,100.0;100.0,63;63,0;0,0,64;64,64;64,2650;2641,0,,,1667
sasquatch_pitch,sasquatch,pitch,NEEDS_ART,"clipped at canvas edge, frame(s) 0,1,2,3",NEEDS_ART,f1 still clipped after background; f2 still clipped after background; f3 still clipped after background,,256,64,4,4,23,0,4096;4096;4096;4096,100.0;100.0;100.0;100.0,63;63;63;63,0;0;0;0,0,64;64;64;64,64;64;64;64,2397;2372;2599;2527,0,,,1674;1921;1494
sasquatch_run,sasquatch,run,NEEDS_ART,"clipped at canvas edge, frame(s) 0,1,2,3",REPAIRABLE,,yes,256,64,4,4,19,0,4096;4096;4096;4096,100.0;100.0;100.0;100.0,63;63;63;63,0;0;0;0,0,64;64;64;64,64;64;64;64,2509;2395;2598;2696,0,,,1479;1316;916
sasquatch_swing,sasquatch,swing,NEEDS_ART,"clipped at canvas edge, frame(s) 0,1,2,3",NEEDS_ART,f1 still clipped after background; f2 still clipped after background,,256,64,4,4,20,0,4096;4096;4096;4096,100.0;100.0;100.0;100.0,63;63;63;63,0;0;0;0,0,64;64;64;64,64;64;64;64,2634;2693;2695;2857,0,,,1581;1308;1436
scarecrow_batting_stance,scarecrow,batting_stance,NEEDS_ART,"clipped at canvas edge, frame(s) 0",NEEDS_ART,f0 blank after background (37 px),,64,64,1,1,9,0,4096,100.0,63,0,0,64,64,4059,0,,,
scarecrow_celebrate,scarecrow,celebrate,NEEDS_ART,"clipped at canvas edge, frame(s) 0,1",NEEDS_ART,f0 blank after background (0 px),,128,64,2,2,18,0,4096;4096,100.0;100.0,63;63,0;0,0,64;64,64;64,4096;3119,0,,,955
scarecrow_idle,scarecrow,idle,NEEDS_ART,"clipped at canvas edge, frame(s) 0,1",NEEDS_ART,f0 blank after background (0 px),,128,64,2,2,15,0,4096;4096,100.0;100.0,63;63,0;0,0,64;64,64;64,4096;3168,0,,,921
scarecrow_pitch,scarecrow,pitch,NEEDS_ART,"clipped at canvas edge, frame(s) 0,1,2,3",NEEDS_ART,f1 still clipped after background; f2 still clipped after background,,256,64,4,4,21,0,4096;4096;4096;4096,100.0;100.0;100.0;100.0,63;63;63;63,0;0;0;0,0,64;64;64;64,64;64;64;64,3134;2897;2944;3177,0,,,1233;1626;1568
scarecrow_run,scarecrow,run,NEEDS_ART,"clipped at canvas edge, frame(s) 0,1,2,3",REPAIRABLE,,yes,256,64,4,4,18,0,4096;4096;4096;4096,100.0;100.0;100.0;100.0,63;63;63;63,0;0;0;0,0,64;64;64;64,64;64;64;64,3207;3083;3065;3258,0,,,980;1156;919
scarecrow_swing,scarecrow,swing,NEEDS_ART,"clipped at canvas edge, frame(s) 0,1,2,3",NEEDS_ART,f2 still clipped after background; f3 still clipped after background,,256,64,4,4,20,0,4096;4096;4096;4096,100.0;100.0;100.0;100.0,63;63;63;63,0;0;0;0,0,64;64;64;64,64;64;64;64,3103;3172;3137;3204,0,,,987;1534;1539
tom_sawyer_batting_stance,tom_sawyer,batting_stance,REPAIRABLE,,REPAIRABLE,,,64,64,1,1,19,0,1523,37.18,62,0,0,0,0,0,0,,,
tom_sawyer_celebrate,tom_sawyer,celebrate,REPAIRABLE,,REPAIRABLE,,,128,64,2,2,20,0,1515;1464,36.99;35.74,62;62,4;0,4,0;0,0;0,0;0,0,,,1213
tom_sawyer_idle,tom_sawyer,idle,REPAIRABLE,,REPAIRABLE,,,128,64,2,2,19,0,1344;1279,32.81;31.23,62;62,1;5,6,0;0,0;0,0;0,1,"f0:31px@52,22-56,29",,835
tom_sawyer_pitch,tom_sawyer,pitch,NEEDS_ART,"clipped at canvas edge, frame(s) 2",NEEDS_ART,f2 still clipped after background,,256,64,4,4,22,0,1550;1350;1447;1363,37.84;32.96;35.33;33.28,62;62;62;62,8;7;0;0,15,0;0;10;0,0;0;10;0,0;0;0;0,3,"f1:87px@55,50-62,62 f2:48px@58,21-63,30 f3:19px@4,22-6,30",,1823;1323;1973
tom_sawyer_run,tom_sawyer,run,REPAIRABLE,,REPAIRABLE,,,256,64,4,4,22,0,1473;1468;1415;1398,35.96;35.84;34.55;34.13,62;62;62;62,6;6;1;0,13,0;0;0;0,0;0;0;0,0;0;0;0,0,,,732;1065;601
tom_sawyer_swing,tom_sawyer,swing,NEEDS_ART,"clipped at canvas edge, frame(s) 2",NEEDS_ART,f2 still clipped after background,,256,64,4,4,22,0,1532;1439;1495;1423,37.4;35.13;36.5;34.74,62;62;62;62,4;0;0;0,4,0;0;21;0,0;0;7;0,0;0;1;1,5,"f1:6px@60,57-60,62 f2:61px@56,33-63,42 f2:15px@0,32-2,38 f2:5px@51,31-53,32 f3:11px@6,35-7,41",,1923;1542;2326
vampire_batting_stance,vampire,batting_stance,NEEDS_ART,"clipped at canvas edge, frame(s) 0",NEEDS_ART,f0 blank after background (25 px),,64,64,1,1,7,0,4096,100.0,63,0,0,64,64,4071,0,,,
vampire_celebrate,vampire,celebrate,NEEDS_ART,"clipped at canvas edge, frame(s) 0,1",NEEDS_ART,f0 blank after background (0 px),,128,64,2,2,22,0,4096;4096,100.0;100.0,63;63,0;0,0,64;64,64;64,4096;2769,0,,,1301
vampire_idle,vampire,idle,NEEDS_ART,"clipped at canvas edge, frame(s) 0,1",NEEDS_ART,f0 blank after background (0 px),,128,64,2,2,22,0,4096;4096,100.0;100.0,63;63,0;0,0,64;64,64;64,4096;2957,0,,,1101
vampire_pitch,vampire,pitch,NEEDS_ART,"clipped at canvas edge, frame(s) 0,1,2,3",NEEDS_ART,f1 still clipped after background; f2 still clipped after background,,256,64,4,4,25,0,4096;4096;4096;4096,100.0;100.0;100.0;100.0,63;63;63;63,0;0;0;0,0,64;64;64;64,64;64;64;64,2976;2753;2978;3034,0,,,1448;1701;1738
vampire_run,vampire,run,NEEDS_ART,"clipped at canvas edge, frame(s) 0,1,2,3",NEEDS_ART,f3 still clipped after background,,256,64,4,4,21,0,4096;4096;4096;4096,100.0;100.0;100.0;100.0,63;63;63;63,0;0;0;0,0,64;64;64;64,64;64;64;64,3070;2815;2892;2957,0,,,1393;1442;1226
vampire_swing,vampire,swing,NEEDS_ART,"clipped at canvas edge, frame(s) 0,1,2,3",NEEDS_ART,f0 still clipped after background; f1 still clipped after background; f2 still clipped after background,,256,64,4,4,24,0,4096;4096;4096;4096,100.0;100.0;100.0;100.0,63;63;63;63,0;0;0;0,0,64;64;64;64,64;64;64;64,2877;2906;2898;2973,0,,,1572;1630;1474
zombie_batting_stance,zombie,batting_stance,NEEDS_ART,"clipped at canvas edge, frame(s) 0",REPAIRABLE,,yes,64,64,1,1,23,0,4096,100.0,63,0,0,64,64,3066,0,,,
zombie_celebrate,zombie,celebrate,NEEDS_ART,"clipped at canvas edge, frame(s) 0,1",REPAIRABLE,,yes,128,64,2,2,25,0,4096;4096,100.0;100.0,63;63,0;0,0,64;64,64;64,3130;3132,0,,,934
zombie_idle,zombie,idle,NEEDS_ART,"clipped at canvas edge, frame(s) 0,1",REPAIRABLE,,yes,128,64,2,2,22,0,4096;4096,100.0;100.0,63;63,0;0,0,64;64,64;64,3125;3128,0,,,1281
zombie_pitch,zombie,pitch,NEEDS_ART,"clipped at canvas edge, frame(s) 0,1,2,3",NEEDS_ART,f2 still clipped after background; f3 still clipped after background,,256,64,4,4,25,0,4096;4096;4096;4096,100.0;100.0;100.0;100.0,63;63;63;63,0;0;0;0,0,64;64;64;64,64;64;64;64,2970;2961;2989;3061,0,,,1107;1419;1157
zombie_run,zombie,run,NEEDS_ART,"clipped at canvas edge, frame(s) 0,1,2,3",REPAIRABLE,,yes,256,64,4,4,24,0,4096;4096;4096;4096,100.0;100.0;100.0;100.0,63;63;63;63,0;0;0;0,0,64;64;64;64,64;64;64;64,3239;3170;3270;3357,0,,,1056;950;871
zombie_swing,zombie,swing,NEEDS_ART,"clipped at canvas edge, frame(s) 0,1,2,3",NEEDS_ART,f2 still clipped after background; f3 still clipped after background,,256,64,4,4,25,0,4096;4096;4096;4096,100.0;100.0;100.0;100.0,63;63;63;63,0;0;0;0,0,64;64;64;64,64;64;64;64,2990;2980;2975;3047,0,,,1534;876;1473
