team_season_id,franchise,season,display,division,games,record,pts_scored_mean,pts_scored_sd,pts_allowed_mean,pts_allowed_sd,point_diff_pg,strength_z,eligible_qb,eligible_rb,eligible_wr,eligible_te
ARI-1999,ARI,1999,1999 Arizona Cardinals,NFC West,16,6-10,15.31,8.75,23.88,11.25,-8.563,-1.28,2,4,4,2
ATL-1999,ATL,1999,1999 Atlanta Falcons,NFC South,16,5-11,17.81,10.91,23.75,8.71,-5.938,-0.887,2,3,5,3
BAL-1999,BAL,1999,1999 Baltimore Ravens,AFC North,16,8-8,20.25,12.5,17.31,10.12,2.938,0.439,2,3,5,2
BUF-1999,BUF,1999,1999 Buffalo Bills,AFC East,16,11-5,20,7.7,14.31,8.97,5.688,0.85,1,1,4,2
CAR-1999,CAR,1999,1999 Carolina Panthers,NFC South,16,8-8,26.31,11.05,23.81,9.93,2.5,0.374,1,3,5,2
CHI-1999,CHI,1999,1999 Chicago Bears,NFC North,16,6-10,17,6.68,21.31,10.76,-4.313,-0.644,2,3,6,3
CIN-1999,CIN,1999,1999 Cincinnati Bengals,AFC North,16,4-12,17.69,14.42,28.75,7.59,-11.063,-1.653,1,3,5,2
CLE-1999,CLE,1999,1999 Cleveland Browns,AFC North,16,2-14,13.56,8.19,27.31,9.62,-13.75,-2.055,1,2,4,2
DAL-1999,DAL,1999,1999 Dallas Cowboys,NFC East,16,8-8,22,10.28,17.25,10.2,4.75,0.71,1,2,4,2
DEN-1999,DEN,1999,1999 Denver Broncos,AFC West,16,6-10,19.63,8.94,19.88,8.13,-0.25,-0.037,1,5,2,2
DET-1999,DET,1999,1999 Detroit Lions,NFC North,16,8-8,20.13,7.35,20.19,7.19,-0.063,-0.009,2,3,4,1
GB-1999,GB,1999,1999 Green Bay Packers,NFC North,16,8-8,22.31,11.13,21.31,8.68,1,0.149,1,3,4,2
IND-1999,IND,1999,1999 Indianapolis Colts,AFC South,16,13-3,26.44,9.33,20.81,8.68,5.625,0.841,1,3,4,2
JAX-1999,JAX,1999,1999 Jacksonville Jaguars,AFC South,16,14-2,24.75,10.07,13.56,10.69,11.188,1.672,1,4,4,2
KC-1999,KC,1999,1999 Kansas City Chiefs,AFC West,16,9-7,24.38,9.84,20.13,10.48,4.25,0.635,1,3,5,2
LAC-1999,LAC,1999,1999 San Diego Chargers,AFC West,16,8-8,16.81,8.78,19.75,10.37,-2.938,-0.439,1,4,3,3
LAR-1999,LAR,1999,1999 St. Louis Rams,NFC West,16,13-3,32.88,6.4,15.13,9.39,17.75,2.652,1,2,5,1
LV-1999,LV,1999,1999 Oakland Raiders,AFC West,16,8-8,24.38,9.59,20.56,9.49,3.813,0.57,1,5,3,3
MIA-1999,MIA,1999,1999 Miami Dolphins,AFC East,16,9-7,20.38,11.27,21,10.39,-0.625,-0.093,2,3,5,2
MIN-1999,MIN,1999,1999 Minnesota Vikings,NFC North,16,10-6,24.94,6.71,20.94,4.88,4,0.598,1,5,5,2
NE-1999,NE,1999,1999 New England Patriots,AFC East,16,8-8,18.69,7.72,17.75,9.35,0.938,0.14,1,4,5,2
NO-1999,NO,1999,1999 New Orleans Saints,NFC South,16,3-13,16.25,6.88,27.13,11.25,-10.875,-1.625,2,4,4,2
NYG-1999,NYG,1999,1999 New York Giants,NFC East,16,7-9,18.69,8.65,22.38,11.59,-3.688,-0.551,2,4,4,2
NYJ-1999,NYJ,1999,1999 New York Jets,AFC East,16,8-8,19.25,9.46,19.31,9.41,-0.063,-0.009,1,3,5,2
PHI-1999,PHI,1999,1999 Philadelphia Eagles,NFC East,16,5-11,17,9.97,22.31,8.89,-5.313,-0.794,2,3,5,3
PIT-1999,PIT,1999,1999 Pittsburgh Steelers,AFC North,16,6-10,19.81,10.73,20,12.3,-0.188,-0.028,2,2,5,2
SEA-1999,SEA,1999,1999 Seattle Seahawks,NFC West,16,9-7,21.13,9.06,18.63,7.47,2.5,0.374,1,3,5,2
SF-1999,SF,1999,1999 San Francisco 49ers,NFC West,16,4-12,18.44,10.09,28.31,11.36,-9.875,-1.476,1,3,4,2
TB-1999,TB,1999,1999 Tampa Bay Buccaneers,NFC South,16,11-5,16.88,8.66,14.69,10.52,2.188,0.327,1,2,5,1
TEN-1999,TEN,1999,1999 Tennessee Titans,AFC South,16,13-3,24.5,11.4,20.25,9.55,4.25,0.635,2,2,5,3
WAS-1999,WAS,1999,1999 Washington Redskins,NFC East,16,10-6,27.69,10.15,23.56,11.48,4.125,0.616,1,3,4,3
ARI-2000,ARI,2000,2000 Arizona Cardinals,NFC West,16,3-13,13.13,8.28,27.69,9.54,-14.563,-1.996,1,2,4,2
ATL-2000,ATL,2000,2000 Atlanta Falcons,NFC South,16,4-12,15.75,8.84,25.81,12.45,-10.063,-1.38,1,2,4,2
BAL-2000,BAL,2000,2000 Baltimore Ravens,AFC North,16,12-4,20.81,13.1,10.31,10.06,10.5,1.439,2,3,5,2
BUF-2000,BUF,2000,2000 Buffalo Bills,AFC East,16,8-8,19.69,8.48,21.88,9.87,-2.188,-0.3,2,3,4,1
CAR-2000,CAR,2000,2000 Carolina Panthers,NFC South,16,7-9,19.38,10.07,19.38,11.32,0,0,1,1,6,2
CHI-2000,CHI,2000,2000 Chicago Bears,NFC North,16,5-11,13.5,9.56,22.19,7.99,-8.688,-1.191,1,2,6,1
CIN-2000,CIN,2000,2000 Cincinnati Bengals,AFC North,16,4-12,11.56,9.76,22.44,11.22,-10.875,-1.491,2,3,5,2
CLE-2000,CLE,2000,2000 Cleveland Browns,AFC North,16,3-13,10.06,9.23,26.19,12.56,-16.125,-2.211,1,2,3,2
DAL-2000,DAL,2000,2000 Dallas Cowboys,NFC East,16,5-11,18.38,12.3,22.56,10.61,-4.188,-0.574,1,3,4,2
DEN-2000,DEN,2000,2000 Denver Broncos,AFC West,16,11-5,30.31,10.08,23.06,9.62,7.25,0.994,2,3,2,3
DET-2000,DET,2000,2000 Detroit Lions,NFC North,16,9-7,19.19,8.26,19.19,8.49,0,0,1,3,6,2
GB-2000,GB,2000,2000 Green Bay Packers,NFC North,16,9-7,22.06,7.27,20.19,9.68,1.875,0.257,1,3,4,2
IND-2000,IND,2000,2000 Indianapolis Colts,AFC South,16,10-6,26.81,9.12,20.38,7.17,6.438,0.883,1,1,3,2
JAX-2000,JAX,2000,2000 Jacksonville Jaguars,AFC South,16,7-9,22.94,11.86,20.44,12.86,2.5,0.343,1,3,5,1
KC-2000,KC,2000,2000 Kansas City Chiefs,AFC West,16,7-9,22.19,11.81,22.13,10.11,0.063,0.009,1,3,4,1
LAC-2000,LAC,2000,2000 San Diego Chargers,AFC West,16,1-15,16.81,9.65,27.5,12.93,-10.688,-1.465,1,5,5,2
LAR-2000,LAR,2000,2000 St. Louis Rams,NFC West,16,10-6,33.75,12.33,29.44,8.92,4.313,0.591,2,2,5,2
LV-2000,LV,2000,2000 Oakland Raiders,AFC West,16,12-4,29.94,11.72,18.69,10.06,11.25,1.542,1,4,4,2
MIA-2000,MIA,2000,2000 Miami Dolphins,AFC East,16,11-5,20.19,9.62,14.13,9.74,6.063,0.831,1,4,6,2
MIN-2000,MIN,2000,2000 Minnesota Vikings,NFC North,16,11-5,24.81,7.24,23.19,9.8,1.625,0.223,1,2,5,4
NE-2000,NE,2000,2000 New England Patriots,AFC East,16,5-11,17.25,7.18,21.13,7.47,-3.875,-0.531,1,3,4,2
NO-2000,NO,2000,2000 New Orleans Saints,NFC South,16,10-6,22.13,7.68,19.06,9.34,3.063,0.42,2,3,4,2
NYG-2000,NYG,2000,2000 New York Giants,NFC East,16,12-4,20.5,7.95,15.38,10.24,5.125,0.703,1,3,5,3
NYJ-2000,NYJ,2000,2000 New York Jets,AFC East,16,9-7,20.06,9.54,20.06,9.28,0,0,1,2,4,2
PHI-2000,PHI,2000,2000 Philadelphia Eagles,NFC East,16,11-5,21.94,11.46,15.31,7.7,6.625,0.908,1,4,4,3
PIT-2000,PIT,2000,2000 Pittsburgh Steelers,AFC North,16,9-7,20.06,11.13,15.94,11.29,4.125,0.565,2,2,5,1
SEA-2000,SEA,2000,2000 Seattle Seahawks,NFC West,16,6-10,20,10.22,25.31,10.2,-5.313,-0.728,1,3,5,2
SF-2000,SF,2000,2000 San Francisco 49ers,NFC West,16,6-10,24.25,9.28,26.38,12.74,-2.125,-0.291,1,4,5,1
TB-2000,TB,2000,2000 Tampa Bay Buccaneers,NFC South,16,10-6,24.25,9.91,16.81,8.71,7.438,1.02,1,3,4,2
TEN-2000,TEN,2000,2000 Tennessee Titans,AFC South,16,13-3,21.63,7.37,11.94,7.16,9.688,1.328,1,2,5,2
WAS-2000,WAS,2000,2000 Washington Redskins,NFC East,16,8-8,17.56,8.4,16.81,8.6,0.75,0.103,1,3,4,2
ARI-2001,ARI,2001,2001 Arizona Cardinals,NFC West,16,7-9,18.44,10.7,21.44,9.14,-3,-0.489,1,4,4,1
ATL-2001,ATL,2001,2001 Atlanta Falcons,NFC South,16,7-9,18.19,9.75,23.56,10.03,-5.375,-0.877,2,3,4,3
BAL-2001,BAL,2001,2001 Baltimore Ravens,AFC North,16,10-6,18.94,7.05,16.56,9.66,2.375,0.387,1,4,4,2
BUF-2001,BUF,2001,2001 Buffalo Bills,AFC East,16,3-13,16.56,10.55,26.25,10.34,-9.688,-1.581,2,3,4,1
CAR-2001,CAR,2001,2001 Carolina Panthers,NFC South,16,1-15,15.81,8.25,25.63,9.95,-9.813,-1.601,1,2,5,3
CHI-2001,CHI,2001,2001 Chicago Bears,NFC North,16,13-3,21.13,9.22,12.69,8.93,8.438,1.377,1,4,3,2
CIN-2001,CIN,2001,2001 Cincinnati Bengals,AFC North,16,6-10,14.13,9.82,19.31,5.71,-5.188,-0.846,1,3,6,1
CLE-2001,CLE,2001,2001 Cleveland Browns,AFC North,16,7-9,17.81,9.07,19.94,9.75,-2.125,-0.347,1,3,4,3
DAL-2001,DAL,2001,2001 Dallas Cowboys,NFC East,16,5-11,15.38,7.74,21.13,10.61,-5.75,-0.938,1,3,5,2
DEN-2001,DEN,2001,2001 Denver Broncos,AFC West,16,8-8,21.25,8.74,21.19,8.52,0.063,0.01,1,4,5,2
DET-2001,DET,2001,2001 Detroit Lions,NFC North,16,2-14,16.88,10.59,26.5,10.2,-9.625,-1.57,1,4,5,1
GB-2001,GB,2001,2001 Green Bay Packers,NFC North,16,12-4,24.38,7.52,16.63,9.74,7.75,1.264,1,3,4,2
IND-2001,IND,2001,2001 Indianapolis Colts,AFC South,16,6-10,25.81,10.99,30.38,10,-4.563,-0.744,1,1,4,2
JAX-2001,JAX,2001,2001 Jacksonville Jaguars,AFC South,16,6-10,18.38,7.21,17.88,9.8,0.5,0.082,1,2,5,1
KC-2001,KC,2001,2001 Kansas City Chiefs,AFC West,16,6-10,20,10.6,21.5,6.82,-1.5,-0.245,1,1,5,3
LAC-2001,LAC,2001,2001 San Diego Chargers,AFC West,16,5-11,20.75,7.46,20.06,7.83,0.688,0.112,1,5,4,2
LAR-2001,LAR,2001,2001 St. Louis Rams,NFC West,16,14-2,31.44,9.19,17.06,8.84,14.375,2.345,1,3,5,1
LV-2001,LV,2001,2001 Oakland Raiders,AFC West,16,10-6,24.94,8.41,20.44,8.31,4.5,0.734,1,5,4,2
MIA-2001,MIA,2001,2001 Miami Dolphins,AFC East,16,11-5,21.5,11.71,18.13,9.46,3.375,0.551,1,2,5,2
MIN-2001,MIN,2001,2001 Minnesota Vikings,NFC North,16,5-11,18.13,11.29,24.38,9.75,-6.25,-1.02,1,3,5,2
NE-2001,NE,2001,2001 New England Patriots,AFC East,16,11-5,23.19,11.21,17,7.68,6.188,1.01,1,4,3,1
NO-2001,NO,2001,2001 New Orleans Saints,NFC South,16,7-9,20.81,9.67,25.56,11.44,-4.75,-0.775,1,3,5,2
NYG-2001,NYG,2001,2001 New York Giants,NFC East,16,7-9,18.38,5.67,20.06,9.84,-1.688,-0.275,1,4,5,1
NYJ-2001,NYJ,2001,2001 New York Jets,AFC East,16,10-6,19.25,8.93,18.44,12.23,0.813,0.133,1,3,4,1
PHI-2001,PHI,2001,2001 Philadelphia Eagles,NFC East,16,11-5,21.44,12.37,13,6.21,8.438,1.377,1,5,5,3
PIT-2001,PIT,2001,2001 Pittsburgh Steelers,AFC North,16,13-3,22,10.36,13.25,6.99,8.75,1.427,1,3,5,2
SEA-2001,SEA,2001,2001 Seattle Seahawks,NFC West,16,9-7,18.81,9.61,20.25,8.77,-1.438,-0.235,1,2,5,2
SF-2001,SF,2001,2001 San Francisco 49ers,NFC West,16,12-4,25.56,8.6,17.63,12.12,7.938,1.295,1,4,5,1
TB-2001,TB,2001,2001 Tampa Bay Buccaneers,NFC South,16,9-7,20.25,11.42,17.5,6.84,2.75,0.449,1,4,5,2
TEN-2001,TEN,2001,2001 Tennessee Titans,AFC South,16,7-9,21,9.74,24.25,10.48,-3.25,-0.53,1,3,4,2
WAS-2001,WAS,2001,2001 Washington Redskins,NFC East,16,8-8,16,10.86,18.94,10.95,-2.938,-0.479,1,2,6,2
ARI-2002,ARI,2002,2002 Arizona Cardinals,NFC West,16,5-11,16.38,8.11,26.06,12.73,-9.688,-1.747,1,3,6,1
ATL-2002,ATL,2002,2002 Atlanta Falcons,NFC South,16,9-6-1,25.13,10.52,19.63,12.39,5.5,0.992,1,2,4,3
BAL-2002,BAL,2002,2002 Baltimore Ravens,AFC North,16,7-9,19.75,10.38,22.13,8.03,-2.375,-0.428,1,3,4,3
BUF-2002,BUF,2002,2002 Buffalo Bills,AFC East,16,8-8,23.69,11.52,24.81,11.92,-1.125,-0.203,1,3,4,2
CAR-2002,CAR,2002,2002 Carolina Panthers,NFC South,16,7-9,16.13,12.59,18.88,11.18,-2.75,-0.496,1,4,4,3
CHI-2002,CHI,2002,2002 Chicago Bears,NFC North,16,4-12,17.56,7.92,23.69,7.02,-6.125,-1.104,2,4,4,1
CIN-2002,CIN,2002,2002 Cincinnati Bengals,AFC North,16,2-14,17.44,10.18,28.5,10.71,-11.063,-1.995,1,3,5,1
CLE-2002,CLE,2002,2002 Cleveland Browns,AFC North,16,9-7,21.5,9.38,20,7.81,1.5,0.27,1,3,5,2
DAL-2002,DAL,2002,2002 Dallas Cowboys,NFC East,16,5-11,13.56,7.59,20.56,9.94,-7,-1.262,1,3,5,3
DEN-2002,DEN,2002,2002 Denver Broncos,AFC West,16,9-7,24.5,7.59,21.5,9.11,3,0.541,1,4,4,2
DET-2002,DET,2002,2002 Detroit Lions,NFC North,16,3-13,19.13,7.73,28.19,10.34,-9.063,-1.634,2,3,6,2
GB-2002,GB,2002,2002 Green Bay Packers,NFC North,16,12-4,24.88,9.65,20.5,11.48,4.375,0.789,1,4,4,2
HOU-2002,HOU,2002,2002 Houston Texans,AFC South,16,4-12,13.31,8.16,22.25,9.18,-8.938,-1.612,1,3,5,1
IND-2002,IND,2002,2002 Indianapolis Colts,AFC South,16,10-6,21.81,6.43,19.56,10.75,2.25,0.406,1,2,4,2
JAX-2002,JAX,2002,2002 Jacksonville Jaguars,AFC South,16,6-10,20.5,6.3,19.69,6.9,0.813,0.147,1,3,5,2
KC-2002,KC,2002,2002 Kansas City Chiefs,AFC West,16,8-8,29.19,14.05,24.94,12.07,4.25,0.766,1,3,4,1
LAC-2002,LAC,2002,2002 San Diego Chargers,AFC West,16,8-8,20.81,9.47,22.94,10.41,-2.125,-0.383,1,4,3,3
LAR-2002,LAR,2002,2002 St. Louis Rams,NFC West,16,7-9,19.75,9.62,23.06,9.97,-3.313,-0.597,0,3,5,2
LV-2002,LV,2002,2002 Oakland Raiders,AFC West,16,11-5,28.13,11.66,19,8.02,9.125,1.645,1,3,4,3
MIA-2002,MIA,2002,2002 Miami Dolphins,AFC East,16,9-7,23.63,9.67,18.81,12.08,4.813,0.868,1,3,4,2
MIN-2002,MIN,2002,2002 Minnesota Vikings,NFC North,16,6-10,24.38,8.4,27.63,10.41,-3.25,-0.586,1,2,5,2
NE-2002,NE,2002,2002 New England Patriots,AFC East,16,9-7,23.81,11.17,21.63,8.7,2.188,0.395,1,3,5,3
NO-2002,NO,2002,2002 New Orleans Saints,NFC South,16,9-7,27,10.25,24.25,6.01,2.75,0.496,1,3,5,2
NYG-2002,NYG,2002,2002 New York Giants,NFC East,16,10-6,20,11.44,17.44,6.84,2.563,0.462,1,4,3,3
NYJ-2002,NYJ,2002,2002 New York Jets,AFC East,16,9-7,22.44,12.83,21,9.83,1.438,0.259,1,3,3,1
PHI-2002,PHI,2002,2002 Philadelphia Eagles,NFC East,16,12-4,25.94,11.07,15.06,9.44,10.875,1.961,1,5,5,2
PIT-2002,PIT,2002,2002 Pittsburgh Steelers,AFC North,16,10-5-1,24.38,8.32,21.56,9.29,2.813,0.507,1,3,5,2
SEA-2002,SEA,2002,2002 Seattle Seahawks,NFC West,16,7-9,22.19,11.91,23.06,9.5,-0.875,-0.158,1,2,5,2
SF-2002,SF,2002,2002 San Francisco 49ers,NFC West,16,10-6,22.94,8.01,21.94,8.32,1,0.18,1,3,5,1
TB-2002,TB,2002,2002 Tampa Bay Buccaneers,NFC South,16,12-4,21.63,8.75,12.25,8.52,9.375,1.691,1,2,4,3
TEN-2002,TEN,2002,2002 Tennessee Titans,AFC South,16,11-5,22.94,6.92,20.25,12.01,2.688,0.485,1,3,5,2
WAS-2002,WAS,2002,2002 Washington Redskins,NFC East,16,7-9,19.19,7.99,22.81,10.34,-3.625,-0.654,1,4,6,2
ARI-2003,ARI,2003,2003 Arizona Cardinals,NFC West,16,4-12,14.06,7.33,28.25,11.46,-14.188,-2.302,1,5,3,1
ATL-2003,ATL,2003,2003 Atlanta Falcons,NFC South,16,5-11,18.69,9.94,26.38,11.31,-7.688,-1.247,1,4,3,2
BAL-2003,BAL,2003,2003 Baltimore Ravens,AFC North,16,10-6,24.44,11.34,17.56,11.94,6.875,1.115,1,3,3,2
BUF-2003,BUF,2003,2003 Buffalo Bills,AFC East,16,6-10,15.19,11.28,17.44,10.5,-2.25,-0.365,1,3,4,1
CAR-2003,CAR,2003,2003 Carolina Panthers,NFC South,16,11-5,20.31,6.35,19,7.76,1.313,0.213,1,4,4,1
CHI-2003,CHI,2003,2003 Chicago Bears,NFC North,16,7-9,17.69,7.24,21.63,12.21,-3.938,-0.639,2,3,6,1
CIN-2003,CIN,2003,2003 Cincinnati Bengals,AFC North,16,8-8,21.63,10.02,24,6.11,-2.375,-0.385,1,3,3,3
CLE-2003,CLE,2003,2003 Cleveland Browns,AFC North,16,5-11,15.88,11.28,20.13,11.31,-4.25,-0.69,2,2,5,1
DAL-2003,DAL,2003,2003 Dallas Cowboys,NFC East,16,10-6,18.06,10.98,16.25,12.14,1.813,0.294,1,2,4,3
DEN-2003,DEN,2003,2003 Denver Broncos,AFC West,16,10-6,23.81,11.44,18.81,8.01,5,0.811,1,4,4,1
DET-2003,DET,2003,2003 Detroit Lions,NFC North,16,5-11,16.88,9.11,23.69,9.56,-6.813,-1.105,1,2,3,2
GB-2003,GB,2003,2003 Green Bay Packers,NFC North,16,10-6,27.63,9.24,19.19,10.36,8.438,1.369,1,3,5,3
HOU-2003,HOU,2003,2003 Houston Texans,AFC South,16,5-11,15.94,7.33,23.75,9.57,-7.813,-1.268,1,4,4,2
IND-2003,IND,2003,2003 Indianapolis Colts,AFC South,16,12-4,27.94,11.26,21,10.12,6.938,1.126,1,3,4,2
JAX-2003,JAX,2003,2003 Jacksonville Jaguars,AFC South,16,5-11,17.25,6.88,20.69,8.94,-3.438,-0.558,1,4,4,2
KC-2003,KC,2003,2003 Kansas City Chiefs,AFC West,16,13-3,30.25,9.66,20.75,12.35,9.5,1.541,1,2,4,1
LAC-2003,LAC,2003,2003 San Diego Chargers,AFC West,16,4-12,19.56,9.51,27.56,9.17,-8,-1.298,1,3,4,2
LAR-2003,LAR,2003,2003 St. Louis Rams,NFC West,16,12-4,27.94,9.33,20.5,7.62,7.438,1.207,1,3,4,2
LV-2003,LV,2003,2003 Oakland Raiders,AFC West,16,4-12,16.88,8.49,23.69,7.27,-6.813,-1.105,1,4,6,3
MIA-2003,MIA,2003,2003 Miami Dolphins,AFC East,16,10-6,19.44,9.27,16.31,9.09,3.125,0.507,1,4,3,1
MIN-2003,MIN,2003,2003 Minnesota Vikings,NFC North,16,9-7,26,9.24,22.06,11.64,3.938,0.639,1,3,5,1
NE-2003,NE,2003,2003 New England Patriots,AFC East,16,14-2,21.75,10.57,14.88,11.4,6.875,1.115,1,3,4,2
NO-2003,NO,2003,2003 New Orleans Saints,NFC South,16,8-8,21.25,10.99,20.38,11.74,0.875,0.142,1,2,4,2
NYG-2003,NYG,2003,2003 New York Giants,NFC East,16,4-12,15.19,10.09,24.19,8.82,-9,-1.46,1,4,4,2
NYJ-2003,NYJ,2003,2003 New York Jets,AFC East,16,6-10,17.69,8.54,18.69,9.44,-1,-0.162,1,2,3,2
PHI-2003,PHI,2003,2003 Philadelphia Eagles,NFC East,16,12-4,23.38,9.46,17.94,7.58,5.438,0.882,1,3,5,2
PIT-2003,PIT,2003,2003 Pittsburgh Steelers,AFC North,16,6-10,18.75,9.76,20.44,10.91,-1.688,-0.274,1,2,5,1
SEA-2003,SEA,2003,2003 Seattle Seahawks,NFC West,16,10-6,25.25,8.77,20.44,11.52,4.813,0.781,1,3,4,1
SF-2003,SF,2003,2003 San Francisco 49ers,NFC West,16,7-9,24,13.58,21.06,11.36,2.938,0.477,2,3,4,2
TB-2003,TB,2003,2003 Tampa Bay Buccaneers,NFC South,16,7-9,18.81,9.06,16.5,11.55,2.313,0.375,1,4,4,2
TEN-2003,TEN,2003,2003 Tennessee Titans,AFC South,16,12-4,27.19,9,20.25,9.69,6.938,1.126,1,2,6,2
WAS-2003,WAS,2003,2003 Washington Redskins,NFC East,16,5-11,17.94,8.36,23.25,7.01,-5.313,-0.862,1,4,4,1
ARI-2004,ARI,2004,2004 Arizona Cardinals,NFC West,16,6-10,17.75,9.73,20.13,10.32,-2.375,-0.416,1,4,4,1
ATL-2004,ATL,2004,2004 Atlanta Falcons,NFC South,16,11-5,21.25,11.64,21.06,12.27,0.188,0.033,1,3,4,1
BAL-2004,BAL,2004,2004 Baltimore Ravens,AFC North,16,9-7,19.81,10.5,16.75,6.53,3.063,0.536,1,5,4,2
BUF-2004,BUF,2004,2004 Buffalo Bills,AFC East,16,9-7,24.69,13.23,17.75,8.29,6.938,1.215,1,3,5,1
CAR-2004,CAR,2004,2004 Carolina Panthers,NFC South,16,7-9,22.19,10.23,21.19,7.17,1,0.175,1,1,5,2
CHI-2004,CHI,2004,2004 Chicago Bears,NFC North,16,5-11,14.44,7.63,20.69,7.62,-6.25,-1.094,0,4,4,3
CIN-2004,CIN,2004,2004 Cincinnati Bengals,AFC North,16,8-8,23.38,11.48,23.25,11.91,0.125,0.022,1,2,5,3
CLE-2004,CLE,2004,2004 Cleveland Browns,AFC North,16,4-12,17.25,12.24,24.38,14.15,-7.125,-1.247,1,2,4,2
DAL-2004,DAL,2004,2004 Dallas Cowboys,NFC East,16,6-10,18.31,9.62,25.31,11.89,-7,-1.225,1,3,3,1
DEN-2004,DEN,2004,2004 Denver Broncos,AFC West,16,10-6,23.81,9.23,19,11.03,4.813,0.843,1,3,4,3
DET-2004,DET,2004,2004 Detroit Lions,NFC North,16,6-10,18.5,6.42,21.88,9.46,-3.375,-0.591,1,4,5,2
GB-2004,GB,2004,2004 Green Bay Packers,NFC North,16,10-6,26.5,10.99,23.75,13.09,2.75,0.481,1,4,4,2
HOU-2004,HOU,2004,2004 Houston Texans,AFC South,16,7-9,19.31,6.84,21.19,12.36,-1.875,-0.328,1,2,5,2
IND-2004,IND,2004,2004 Indianapolis Colts,AFC South,16,12-4,32.63,10.77,21.94,10.33,10.688,1.871,1,3,3,2
JAX-2004,JAX,2004,2004 Jacksonville Jaguars,AFC South,16,9-7,16.31,7.6,17.5,8.51,-1.188,-0.208,1,2,5,2
KC-2004,KC,2004,2004 Kansas City Chiefs,AFC West,16,7-9,30.19,12.61,27.19,7.22,3,0.525,1,3,4,2
LAC-2004,LAC,2004,2004 San Diego Chargers,AFC West,16,12-4,27.88,8.85,19.56,9,8.313,1.455,1,2,3,2
LAR-2004,LAR,2004,2004 St. Louis Rams,NFC West,16,8-8,19.94,7.56,24.5,12.08,-4.563,-0.799,1,4,4,2
LV-2004,LV,2004,2004 Oakland Raiders,AFC West,16,5-11,20,9.95,27.63,8.54,-7.625,-1.335,1,5,4,2
MIA-2004,MIA,2004,2004 Miami Dolphins,AFC East,16,4-12,17.19,8.89,22.13,9.53,-4.938,-0.864,2,2,5,2
MIN-2004,MIN,2004,2004 Minnesota Vikings,NFC North,16,8-8,25.31,7.66,24.69,8.27,0.625,0.109,1,5,4,1
NE-2004,NE,2004,2004 New England Patriots,AFC East,16,14-2,27.31,7.38,16.25,9.41,11.063,1.937,1,3,5,2
NO-2004,NO,2004,2004 New Orleans Saints,NFC South,16,8-8,21.75,7.44,25.31,8.85,-3.563,-0.624,1,3,4,2
NYG-2004,NYG,2004,2004 New York Giants,NFC East,16,6-10,18.94,8.42,21.69,9.51,-2.75,-0.481,2,2,5,2
NYJ-2004,NYJ,2004,2004 New York Jets,AFC East,16,10-6,20.81,11.34,16.31,8.04,4.5,0.788,1,2,5,2
PHI-2004,PHI,2004,2004 Philadelphia Eagles,NFC East,16,13-3,24.13,13.25,16.25,9.36,7.875,1.379,1,3,4,2
PIT-2004,PIT,2004,2004 Pittsburgh Steelers,AFC North,16,15-1,23.25,7.15,15.69,8.95,7.563,1.324,1,2,5,0
SEA-2004,SEA,2004,2004 Seattle Seahawks,NFC West,16,9-7,23.19,9.7,23.31,11.97,-0.125,-0.022,1,3,4,2
SF-2004,SF,2004,2004 San Francisco 49ers,NFC West,16,2-14,16.19,10.09,28.25,7.63,-12.063,-2.112,2,4,4,2
TB-2004,TB,2004,2004 Tampa Bay Buccaneers,NFC South,16,5-11,18.81,8.41,19,10.83,-0.188,-0.033,1,1,4,2
TEN-2004,TEN,2004,2004 Tennessee Titans,AFC South,16,5-11,21.5,11.22,27.44,12.76,-5.938,-1.04,2,3,5,3
WAS-2004,WAS,2004,2004 Washington Redskins,NFC East,16,6-10,15,6.62,16.56,5.94,-1.563,-0.274,2,3,3,3
ARI-2005,ARI,2005,2005 Arizona Cardinals,NFC West,16,5-11,19.44,7.24,24.19,9.66,-4.75,-0.718,2,3,4,2
ATL-2005,ATL,2005,2005 Atlanta Falcons,NFC South,16,8-8,21.94,9.57,21.31,10.56,0.625,0.094,1,3,3,1
BAL-2005,BAL,2005,2005 Baltimore Ravens,AFC North,16,6-10,16.56,11.18,18.69,11.36,-2.125,-0.321,2,4,3,3
BUF-2005,BUF,2005,2005 Buffalo Bills,AFC East,16,5-11,16.94,8.84,22.94,11.53,-6,-0.907,2,3,5,1
CAR-2005,CAR,2005,2005 Carolina Panthers,NFC South,16,11-5,24.44,10.36,16.19,7.54,8.25,1.247,1,4,4,1
CHI-2005,CHI,2005,2005 Chicago Bears,NFC North,16,11-5,16.25,8.42,12.63,8.87,3.625,0.548,1,3,3,2
CIN-2005,CIN,2005,2005 Cincinnati Bengals,AFC North,16,11-5,26.31,10.92,21.88,11.67,4.438,0.671,1,2,5,3
CLE-2005,CLE,2005,2005 Cleveland Browns,AFC North,16,6-10,14.5,7.43,18.81,10.13,-4.313,-0.652,1,1,5,2
DAL-2005,DAL,2005,2005 Dallas Cowboys,NFC East,16,9-7,20.31,9.47,19.25,7.72,1.063,0.161,1,4,4,1
DEN-2005,DEN,2005,2005 Denver Broncos,AFC West,16,13-3,24.69,8.72,16.13,9.49,8.563,1.294,1,5,4,2
DET-2005,DET,2005,2005 Detroit Lions,NFC North,16,5-11,15.88,7.68,21.56,10.13,-5.688,-0.86,1,3,5,2
GB-2005,GB,2005,2005 Green Bay Packers,NFC North,16,4-12,18.63,12.21,21.5,9.47,-2.875,-0.435,1,2,4,2
HOU-2005,HOU,2005,2005 Houston Texans,AFC South,16,2-14,16.25,6.59,26.94,10.41,-10.688,-1.615,1,3,4,1
IND-2005,IND,2005,2005 Indianapolis Colts,AFC South,16,14-2,27.44,11.33,15.44,10.6,12,1.814,1,2,4,2
JAX-2005,JAX,2005,2005 Jacksonville Jaguars,AFC South,16,12-4,22.56,10.03,16.81,6.52,5.75,0.869,1,2,4,3
KC-2005,KC,2005,2005 Kansas City Chiefs,AFC West,16,10-6,25.19,9.98,20.31,9.58,4.875,0.737,1,1,4,1
LAC-2005,LAC,2005,2005 San Diego Chargers,AFC West,16,9-7,26.13,11.84,19.5,5.18,6.625,1.001,1,3,4,2
LAR-2005,LAR,2005,2005 St. Louis Rams,NFC West,16,6-10,22.69,7.1,26.81,10.39,-4.125,-0.623,2,3,6,1
LV-2005,LV,2005,2005 Oakland Raiders,AFC West,16,4-12,18.13,8.96,23.94,7.51,-5.813,-0.879,1,4,4,2
MIA-2005,MIA,2005,2005 Miami Dolphins,AFC East,16,9-7,19.88,9.33,19.81,6.52,0.063,0.01,1,4,4,2
MIN-2005,MIN,2005,2005 Minnesota Vikings,NFC North,16,9-7,19.13,9.74,21.5,8.76,-2.375,-0.359,1,3,5,3
NE-2005,NE,2005,2005 New England Patriots,AFC East,16,10-6,23.69,5.97,21.13,11.54,2.563,0.387,1,3,5,1
NO-2005,NO,2005,2005 New Orleans Saints,NFC South,16,3-13,14.69,7.39,24.88,10.99,-10.188,-1.54,1,3,4,2
NYG-2005,NYG,2005,2005 New York Giants,NFC East,16,11-5,26.38,8.37,19.63,10.79,6.75,1.02,1,4,5,1
NYJ-2005,NYJ,2005,2005 New York Jets,AFC East,16,4-12,15,9.31,22.19,7.95,-7.188,-1.086,1,2,3,2
PHI-2005,PHI,2005,2005 Philadelphia Eagles,NFC East,16,6-10,19.38,10.02,24.25,11.48,-4.875,-0.737,2,3,3,1
PIT-2005,PIT,2005,2005 Pittsburgh Steelers,AFC North,16,11-5,24.31,9.05,16.13,9.86,8.188,1.237,1,2,5,1
SEA-2005,SEA,2005,2005 Seattle Seahawks,NFC West,16,13-3,28.25,9.95,16.94,8.49,11.313,1.71,1,3,4,2
SF-2005,SF,2005,2005 San Francisco 49ers,NFC West,16,4-12,14.94,9.29,26.75,11.8,-11.813,-1.785,1,4,5,1
TB-2005,TB,2005,2005 Tampa Bay Buccaneers,NFC South,16,11-5,18.75,9.36,17.13,9.72,1.625,0.246,1,4,5,2
TEN-2005,TEN,2005,2005 Tennessee Titans,AFC South,16,4-12,18.69,9.72,26.31,8.75,-7.625,-1.152,1,4,4,3
WAS-2005,WAS,2005,2005 Washington Redskins,NFC East,16,10-6,22.44,12.59,18.31,9.06,4.125,0.623,1,3,3,3
ARI-2006,ARI,2006,2006 Arizona Cardinals,NFC West,16,5-11,19.63,8.25,24.31,6.69,-4.688,-0.811,1,4,4,1
ATL-2006,ATL,2006,2006 Atlanta Falcons,NFC South,16,7-9,18.25,10.32,20.5,11.34,-2.25,-0.389,1,4,4,1
BAL-2006,BAL,2006,2006 Baltimore Ravens,AFC North,16,13-3,22.06,8.53,12.56,7.7,9.5,1.643,1,4,3,2
BUF-2006,BUF,2006,2006 Buffalo Bills,AFC East,16,7-9,18.75,7.54,19.44,9.92,-0.688,-0.119,1,2,6,1
CAR-2006,CAR,2006,2006 Carolina Panthers,NFC South,16,8-8,16.88,7.62,19.06,10.02,-2.188,-0.378,1,3,4,2
CHI-2006,CHI,2006,2006 Chicago Bears,NFC North,16,13-3,26.69,11.77,15.94,10.27,10.75,1.859,1,4,4,1
CIN-2006,CIN,2006,2006 Cincinnati Bengals,AFC North,16,8-8,23.31,8.34,20.69,12.55,2.625,0.454,1,2,3,2
CLE-2006,CLE,2006,2006 Cleveland Browns,AFC North,16,4-12,14.88,8.2,22.25,6.88,-7.375,-1.275,1,3,4,2
DAL-2006,DAL,2006,2006 Dallas Cowboys,NFC East,16,9-7,26.56,9.8,21.88,11.74,4.688,0.811,1,2,5,2
DEN-2006,DEN,2006,2006 Denver Broncos,AFC West,16,9-7,19.94,8.37,19.06,12.68,0.875,0.151,1,4,4,2
DET-2006,DET,2006,2006 Detroit Lions,NFC North,16,3-13,19.06,9.73,24.88,8.52,-5.813,-1.005,1,2,3,2
GB-2006,GB,2006,2006 Green Bay Packers,NFC North,16,8-8,18.81,11.18,22.88,10.09,-4.063,-0.703,1,3,3,3
HOU-2006,HOU,2006,2006 Houston Texans,AFC South,16,6-10,16.69,6.92,22.88,11.13,-6.188,-1.07,1,4,3,3
IND-2006,IND,2006,2006 Indianapolis Colts,AFC South,16,12-4,26.69,9.86,22.5,7.55,4.188,0.724,1,2,3,3
JAX-2006,JAX,2006,2006 Jacksonville Jaguars,AFC South,16,8-8,23.19,11.29,17.13,11.29,6.063,1.048,1,3,3,3
KC-2006,KC,2006,2006 Kansas City Chiefs,AFC West,16,9-7,20.69,11.47,19.69,11,1,0.173,2,3,3,2
LAC-2006,LAC,2006,2006 San Diego Chargers,AFC West,16,14-2,30.75,11.18,18.94,9.71,11.813,2.043,1,2,5,2
LAR-2006,LAR,2006,2006 St. Louis Rams,NFC West,16,8-8,22.94,10.5,23.81,11.24,-0.875,-0.151,1,2,5,1
LV-2006,LV,2006,2006 Oakland Raiders,AFC West,16,2-14,10.5,7.86,20.75,6.52,-10.25,-1.772,2,4,3,3
MIA-2006,MIA,2006,2006 Miami Dolphins,AFC East,16,6-10,16.25,8.24,17.69,8.42,-1.438,-0.249,1,3,4,2
MIN-2006,MIN,2006,2006 Minnesota Vikings,NFC North,16,6-10,17.63,8.64,20.44,8.33,-2.813,-0.486,1,3,5,2
NE-2006,NE,2006,2006 New England Patriots,AFC East,16,12-4,24.06,11.49,14.81,7.3,9.25,1.599,1,3,4,2
NO-2006,NO,2006,2006 New Orleans Saints,NFC South,16,10-6,25.81,8.16,20.13,10.2,5.688,0.984,1,3,6,2
NYG-2006,NYG,2006,2006 New York Giants,NFC East,16,8-8,22.19,8.14,22.63,11.54,-0.438,-0.076,1,4,4,2
NYJ-2006,NYJ,2006,2006 New York Jets,AFC East,16,10-6,19.75,10.41,18.44,9.85,1.313,0.227,1,3,5,1
PHI-2006,PHI,2006,2006 Philadelphia Eagles,NFC East,16,10-6,24.88,8.42,20.5,10.61,4.375,0.757,2,5,4,2
PIT-2006,PIT,2006,2006 Pittsburgh Steelers,AFC North,16,8-8,22.06,13.41,19.69,11.49,2.375,0.411,1,2,5,1
SEA-2006,SEA,2006,2006 Seattle Seahawks,NFC West,16,9-7,20.94,9.41,21.31,10.71,-0.375,-0.065,1,3,5,1
SF-2006,SF,2006,2006 San Francisco 49ers,NFC West,16,7-9,18.63,8.23,25.75,12.8,-7.125,-1.232,1,2,4,2
TB-2006,TB,2006,2006 Tampa Bay Buccaneers,NFC South,16,4-12,13.19,9.35,22.06,8.09,-8.875,-1.535,1,3,3,2
TEN-2006,TEN,2006,2006 Tennessee Titans,AFC South,16,8-8,20.25,8,25,10.37,-4.75,-0.821,1,3,3,2
WAS-2006,WAS,2006,2006 Washington Redskins,NFC East,16,5-11,19.19,9.41,23.5,8.01,-4.313,-0.746,1,4,4,2
ARI-2007,ARI,2007,2007 Arizona Cardinals,NFC West,16,8-8,25.25,9.66,24.94,7.45,0.313,0.043,1,3,6,2
ATL-2007,ATL,2007,2007 Atlanta Falcons,NFC South,16,4-12,16.19,10.36,25.88,8.56,-9.688,-1.333,1,2,5,1
BAL-2007,BAL,2007,2007 Baltimore Ravens,AFC North,16,5-11,17.19,7.62,24,10.57,-6.813,-0.937,1,3,5,1
BUF-2007,BUF,2007,2007 Buffalo Bills,AFC East,16,7-9,15.75,9.96,22.13,13.79,-6.375,-0.877,2,4,3,2
CAR-2007,CAR,2007,2007 Carolina Panthers,NFC South,16,7-9,16.69,9.17,21.69,8.74,-5,-0.688,1,2,4,2
CHI-2007,CHI,2007,2007 Chicago Bears,NFC North,16,7-9,20.88,10.16,21.75,10.01,-0.875,-0.12,1,4,5,3
CIN-2007,CIN,2007,2007 Cincinnati Bengals,AFC North,16,7-9,23.75,10.4,24.06,11.64,-0.313,-0.043,1,3,4,2
CLE-2007,CLE,2007,2007 Cleveland Browns,AFC North,16,10-6,25.13,11.32,23.88,11.36,1.25,0.172,1,2,3,3
DAL-2007,DAL,2007,2007 Dallas Cowboys,NFC East,16,13-3,28.44,10.76,20.31,11.35,8.125,1.118,1,3,4,3
DEN-2007,DEN,2007,2007 Denver Broncos,AFC West,16,7-9,20,11.32,25.56,11.02,-5.563,-0.765,1,4,3,2
DET-2007,DET,2007,2007 Detroit Lions,NFC North,16,7-9,21.63,10.92,27.75,14.32,-6.125,-0.842,1,3,5,2
GB-2007,GB,2007,2007 Green Bay Packers,NFC North,16,13-3,27.19,9.08,18.19,9.76,9,1.238,1,4,5,1
HOU-2007,HOU,2007,2007 Houston Texans,AFC South,16,8-8,23.69,8.59,24,10.66,-0.313,-0.043,2,2,4,2
IND-2007,IND,2007,2007 Indianapolis Colts,AFC South,16,13-3,28.13,9.73,16.38,6.09,11.75,1.616,1,3,2,2
JAX-2007,JAX,2007,2007 Jacksonville Jaguars,AFC South,16,11-5,25.69,10.88,19,11.17,6.688,0.92,2,3,4,2
KC-2007,KC,2007,2007 Kansas City Chiefs,AFC West,16,4-12,14.13,7.48,20.94,8.35,-6.813,-0.937,2,2,4,2
LAC-2007,LAC,2007,2007 San Diego Chargers,AFC West,16,11-5,25.75,10.23,17.75,11.25,8,1.1,1,3,4,2
LAR-2007,LAR,2007,2007 St. Louis Rams,NFC West,16,3-13,16.44,9.94,27.38,9.92,-10.938,-1.505,2,4,5,2
LV-2007,LV,2007,2007 Oakland Raiders,AFC West,16,4-12,17.69,8.69,24.88,9.89,-7.188,-0.989,1,4,3,1
MIA-2007,MIA,2007,2007 Miami Dolphins,AFC East,16,1-15,16.69,8.78,27.31,13.18,-10.625,-1.461,1,3,4,2
MIN-2007,MIN,2007,2007 Minnesota Vikings,NFC North,16,8-8,22.81,11.39,19.44,8.84,3.375,0.464,1,3,5,2
NE-2007,NE,2007,2007 New England Patriots,AFC East,16,16-0,36.81,10.19,17.13,8.84,19.688,2.708,1,3,5,2
NO-2007,NO,2007,2007 New Orleans Saints,NFC South,16,7-9,23.69,9.29,24.25,10.45,-0.563,-0.077,1,3,5,2
NYG-2007,NYG,2007,2007 New York Giants,NFC East,16,10-6,23.31,9.61,21.94,12.61,1.375,0.189,1,4,4,2
NYJ-2007,NYJ,2007,2007 New York Jets,AFC East,16,4-12,16.75,10.52,22.19,9.73,-5.438,-0.748,2,2,5,1
PHI-2007,PHI,2007,2007 Philadelphia Eagles,NFC East,16,8-8,21,12.84,18.75,8.91,2.25,0.31,1,4,5,3
PIT-2007,PIT,2007,2007 Pittsburgh Steelers,AFC North,16,10-6,24.56,10.22,16.81,11.43,7.75,1.066,1,3,4,1
SEA-2007,SEA,2007,2007 Seattle Seahawks,NFC West,16,10-6,24.56,10.46,18.19,11.89,6.375,0.877,1,2,4,2
SF-2007,SF,2007,2007 San Francisco 49ers,NFC West,16,5-11,13.69,8.84,22.75,8.24,-9.063,-1.247,0,2,4,2
TB-2007,TB,2007,2007 Tampa Bay Buccaneers,NFC South,16,9-7,20.88,7.94,16.88,9.78,4,0.55,1,3,4,2
TEN-2007,TEN,2007,2007 Tennessee Titans,AFC South,16,10-6,18.81,8.53,18.56,10.17,0.25,0.034,1,2,5,3
WAS-2007,WAS,2007,2007 Washington Redskins,NFC East,16,9-7,20.88,7,19.38,11.55,1.5,0.206,1,3,3,3
ARI-2008,ARI,2008,2008 Arizona Cardinals,NFC West,16,9-7,26.69,8.9,26.63,14.2,0.063,0.009,1,3,5,0
ATL-2008,ATL,2008,2008 Atlanta Falcons,NFC South,16,11-5,24.44,10.29,20.31,7.6,4.125,0.616,1,2,5,1
BAL-2008,BAL,2008,2008 Baltimore Ravens,AFC North,16,11-5,24.06,11.45,15.25,8.78,8.813,1.315,1,2,3,2
BUF-2008,BUF,2008,2008 Buffalo Bills,AFC East,16,7-9,21,13.64,21.38,8.82,-0.375,-0.056,1,2,4,2
CAR-2008,CAR,2008,2008 Carolina Panthers,NFC South,16,12-4,25.88,9.34,20.56,11.94,5.313,0.793,1,3,4,2
CHI-2008,CHI,2008,2008 Chicago Bears,NFC North,16,9-7,23.44,9.82,21.88,10.6,1.563,0.233,1,5,4,2
CIN-2008,CIN,2008,2008 Cincinnati Bengals,AFC North,16,4-11-1,12.75,6.41,22.75,10.99,-10,-1.492,1,3,5,2
CLE-2008,CLE,2008,2008 Cleveland Browns,AFC North,16,4-12,14.5,11.17,21.88,9.27,-7.375,-1.101,1,3,4,3
DAL-2008,DAL,2008,2008 Dallas Cowboys,NFC East,16,9-7,22.63,9.78,22.81,11.76,-0.188,-0.028,1,2,5,2
DEN-2008,DEN,2008,2008 Denver Broncos,AFC West,16,8-8,23.13,10.58,28,10.5,-4.875,-0.727,1,4,4,3
DET-2008,DET,2008,2008 Detroit Lions,NFC North,16,0-16,16.75,5.89,32.31,9.3,-15.563,-2.322,1,2,3,3
GB-2008,GB,2008,2008 Green Bay Packers,NFC North,16,6-10,26.19,8.83,23.75,10.33,2.438,0.364,1,3,5,3
HOU-2008,HOU,2008,2008 Houston Texans,AFC South,16,8-8,22.88,7.42,24.63,10.31,-1.75,-0.261,1,3,5,2
IND-2008,IND,2008,2008 Indianapolis Colts,AFC South,16,12-4,23.56,7.76,18.63,10.7,4.938,0.737,1,3,4,2
JAX-2008,JAX,2008,2008 Jacksonville Jaguars,AFC South,16,5-11,18.88,7.96,22.94,5.31,-4.063,-0.606,1,3,3,2
KC-2008,KC,2008,2008 Kansas City Chiefs,AFC West,16,2-14,18.19,9.7,27.5,10.53,-9.313,-1.39,1,3,4,1
LAC-2008,LAC,2008,2008 San Diego Chargers,AFC West,16,8-8,27.44,12.82,21.69,8.66,5.75,0.858,1,3,5,2
LAR-2008,LAR,2008,2008 St. Louis Rams,NFC West,16,2-14,14.5,8.26,29.06,9.88,-14.563,-2.173,1,3,6,2
LV-2008,LV,2008,2008 Oakland Raiders,AFC West,16,5-11,16.44,9.75,24.25,11.27,-7.813,-1.166,1,3,3,2
MIA-2008,MIA,2008,2008 Miami Dolphins,AFC East,16,11-5,21.56,8.51,19.81,11.07,1.75,0.261,1,3,4,2
MIN-2008,MIN,2008,2008 Minnesota Vikings,NFC North,16,10-6,23.69,8.68,20.81,9.53,2.875,0.429,1,3,4,2
NE-2008,NE,2008,2008 New England Patriots,AFC East,16,11-5,25.63,13.83,19.31,11.38,6.313,0.942,1,4,5,1
NO-2008,NO,2008,2008 New Orleans Saints,NFC South,16,8-8,28.94,9.95,24.56,9.25,4.375,0.653,1,3,4,3
NYG-2008,NYG,2008,2008 New York Giants,NFC East,16,12-4,26.69,10.73,18.38,9.02,8.313,1.241,1,4,5,2
NYJ-2008,NYJ,2008,2008 New York Jets,AFC East,16,9-7,25.31,13.65,22.25,11.04,3.063,0.457,1,2,5,2
PHI-2008,PHI,2008,2008 Philadelphia Eagles,NFC East,16,9-6-1,26,13.28,18.06,11.9,7.938,1.185,1,3,5,2
PIT-2008,PIT,2008,2008 Pittsburgh Steelers,AFC North,16,12-4,21.69,9.98,13.94,7.95,7.75,1.157,1,4,3,2
SEA-2008,SEA,2008,2008 Seattle Seahawks,NFC West,16,4-12,18.38,9.34,24.5,10.11,-6.125,-0.914,1,4,4,1
SF-2008,SF,2008,2008 San Francisco 49ers,NFC West,16,7-9,21.19,8,23.81,10.13,-2.625,-0.392,2,2,5,2
TB-2008,TB,2008,2008 Tampa Bay Buccaneers,NFC South,16,9-7,22.56,7.55,20.19,10.46,2.375,0.354,1,3,4,3
TEN-2008,TEN,2008,2008 Tennessee Titans,AFC South,16,13-3,23.44,11.16,14.63,6.73,8.813,1.315,1,2,3,2
WAS-2008,WAS,2008,2008 Washington Redskins,NFC East,16,8-8,16.56,7.84,18.5,5.99,-1.938,-0.289,1,3,4,3
ARI-2009,ARI,2009,2009 Arizona Cardinals,NFC West,16,10-6,23.44,9.6,20.31,8.1,3.125,0.419,2,4,6,2
ATL-2009,ATL,2009,2009 Atlanta Falcons,NFC South,16,9-7,22.69,9.55,20.31,11.32,2.375,0.318,1,2,5,2
BAL-2009,BAL,2009,2009 Baltimore Ravens,AFC North,16,9-7,24.44,10.76,16.31,10.04,8.125,1.09,1,2,4,1
BUF-2009,BUF,2009,2009 Buffalo Bills,AFC East,16,6-10,16.13,9.41,20.38,10.84,-4.25,-0.57,2,2,4,3
CAR-2009,CAR,2009,2009 Carolina Panthers,NFC South,16,8-8,19.69,10.06,19.25,8.58,0.438,0.059,1,2,4,3
CHI-2009,CHI,2009,2009 Chicago Bears,NFC North,16,7-9,20.44,11.92,23.44,11.11,-3,-0.402,1,4,4,2
CIN-2009,CIN,2009,2009 Cincinnati Bengals,AFC North,16,10-6,19.06,10.03,18.19,9.01,0.875,0.117,1,3,5,2
CLE-2009,CLE,2009,2009 Cleveland Browns,AFC North,16,5-11,15.31,12.18,23.44,10.95,-8.125,-1.09,2,3,5,1
DAL-2009,DAL,2009,2009 Dallas Cowboys,NFC East,16,11-5,22.56,9.6,15.63,9.56,6.938,0.93,1,3,5,3
DEN-2009,DEN,2009,2009 Denver Broncos,AFC West,16,8-8,20.38,10.28,20.25,11.87,0.125,0.017,1,3,4,2
DET-2009,DET,2009,2009 Detroit Lions,NFC North,16,2-14,16.38,9.84,30.88,10.3,-14.5,-1.945,2,3,4,3
GB-2009,GB,2009,2009 Green Bay Packers,NFC North,16,11-5,28.81,7.57,18.56,12.75,10.25,1.375,1,2,4,2
HOU-2009,HOU,2009,2009 Houston Texans,AFC South,16,9-7,24.25,7.76,20.81,8.63,3.438,0.461,1,3,5,2
IND-2009,IND,2009,2009 Indianapolis Colts,AFC South,16,14-2,26,9.75,19.19,8.68,6.813,0.914,1,3,3,3
JAX-2009,JAX,2009,2009 Jacksonville Jaguars,AFC South,16,7-9,18.13,10.39,23.75,8.27,-5.625,-0.754,1,3,4,2
KC-2009,KC,2009,2009 Kansas City Chiefs,AFC West,16,4-12,18.38,9.84,26.5,12.06,-8.125,-1.09,1,2,6,2
LAC-2009,LAC,2009,2009 San Diego Chargers,AFC West,16,13-3,28.38,7.09,20,9.14,8.375,1.123,1,3,4,1
LAR-2009,LAR,2009,2009 St. Louis Rams,NFC West,16,1-15,10.94,6.69,27.25,10.94,-16.313,-2.188,1,3,4,3
LV-2009,LV,2009,2009 Oakland Raiders,AFC West,16,5-11,12.31,7.12,23.69,9.27,-11.375,-1.525,1,4,6,3
MIA-2009,MIA,2009,2009 Miami Dolphins,AFC East,16,7-9,22.5,8.27,24.38,8.52,-1.875,-0.251,2,2,4,2
MIN-2009,MIN,2009,2009 Minnesota Vikings,NFC North,16,12-4,29.38,9.3,19.5,9.51,9.875,1.324,2,3,4,3
NE-2009,NE,2009,2009 New England Patriots,AFC East,16,10-6,26.69,11.34,17.81,10.92,8.875,1.19,1,3,5,2
NO-2009,NO,2009,2009 New Orleans Saints,NFC South,16,13-3,31.88,11.66,21.31,7.79,10.563,1.417,1,4,4,2
NYG-2009,NYG,2009,2009 New York Giants,NFC East,16,8-8,25.13,12.16,26.69,14.33,-1.563,-0.21,1,2,5,2
NYJ-2009,NYJ,2009,2009 New York Jets,AFC East,16,9-7,21.75,8.84,14.75,10.67,7,0.939,1,2,5,2
PHI-2009,PHI,2009,2009 Philadelphia Eagles,NFC East,16,11-5,26.81,11.49,21.06,10.8,5.75,0.771,2,3,4,1
PIT-2009,PIT,2009,2009 Pittsburgh Steelers,AFC North,16,9-7,23,8.91,20.25,7.07,2.75,0.369,1,3,4,2
SEA-2009,SEA,2009,2009 Seattle Seahawks,NFC West,16,5-11,17.5,10.37,24.38,12.82,-6.875,-0.922,2,4,5,1
SF-2009,SF,2009,2009 San Francisco 49ers,NFC West,16,8-8,20.63,6.75,17.56,12.8,3.063,0.411,1,2,5,2
TB-2009,TB,2009,2009 Tampa Bay Buccaneers,NFC South,16,3-13,15.25,9.69,25,8.56,-9.75,-1.308,1,4,5,2
TEN-2009,TEN,2009,2009 Tennessee Titans,AFC South,16,8-8,22.13,12.19,25.13,13.33,-3,-0.402,1,2,4,4
WAS-2009,WAS,2009,2009 Washington Redskins,NFC East,16,4-12,16.63,9.11,21,10.02,-4.375,-0.587,1,5,4,2
ARI-2010,ARI,2010,2010 Arizona Cardinals,NFC West,16,5-11,18.06,11.35,27.13,9.46,-9.063,-1.495,1,4,5,3
ATL-2010,ATL,2010,2010 Atlanta Falcons,NFC South,16,13-3,25.88,9.18,18,7.28,7.875,1.299,1,1,5,2
BAL-2010,BAL,2010,2010 Baltimore Ravens,AFC North,16,12-4,22.31,9.41,16.88,7.88,5.438,0.897,1,3,4,2
BUF-2010,BUF,2010,2010 Buffalo Bills,AFC East,16,4-12,17.69,11.82,26.56,11.66,-8.875,-1.464,1,2,5,2
CAR-2010,CAR,2010,2010 Carolina Panthers,NFC South,16,2-14,12.25,6.38,25.5,7.12,-13.25,-2.186,1,3,4,3
CHI-2010,CHI,2010,2010 Chicago Bears,NFC North,16,11-5,20.88,10.83,17.88,9.2,3,0.495,1,3,5,2
CIN-2010,CIN,2010,2010 Cincinnati Bengals,AFC North,16,4-12,20.13,8.52,24.69,11.04,-4.563,-0.753,1,3,5,2
CLE-2010,CLE,2010,2010 Cleveland Browns,AFC North,16,5-11,16.94,7.86,20.75,7.27,-3.813,-0.629,1,2,4,2
DAL-2010,DAL,2010,2010 Dallas Cowboys,NFC East,16,6-10,24.63,9.61,27.25,9.77,-2.625,-0.433,1,4,4,2
DEN-2010,DEN,2010,2010 Denver Broncos,AFC West,16,4-12,21.5,10.39,29.44,11.78,-7.938,-1.31,1,3,5,2
DET-2010,DET,2010,2010 Detroit Lions,NFC North,16,6-10,22.63,10.09,23.06,10.77,-0.438,-0.072,1,2,4,2
GB-2010,GB,2010,2010 Green Bay Packers,NFC North,16,10-6,24.25,12.32,15,9.34,9.25,1.526,1,3,4,3
HOU-2010,HOU,2010,2010 Houston Texans,AFC South,16,6-10,24.38,7.58,26.69,8.45,-2.313,-0.382,1,3,4,3
IND-2010,IND,2010,2010 Indianapolis Colts,AFC South,16,10-6,27.19,6.07,24.25,8.64,2.938,0.485,1,3,4,2
JAX-2010,JAX,2010,2010 Jacksonville Jaguars,AFC South,16,8-8,22.06,10.59,26.19,9.01,-4.125,-0.681,1,4,4,2
KC-2010,KC,2010,2010 Kansas City Chiefs,AFC West,16,10-6,22.88,12.41,20.38,11.35,2.5,0.412,1,3,5,3
LAC-2010,LAC,2010,2010 San Diego Chargers,AFC West,16,9-7,27.56,8.98,20.13,9.77,7.438,1.227,1,3,3,3
LAR-2010,LAR,2010,2010 St. Louis Rams,NFC West,16,7-9,18.06,7.81,20.5,10.89,-2.438,-0.402,1,3,4,2
LV-2010,LV,2010,2010 Oakland Raiders,AFC West,16,8-8,25.63,13.24,23.19,10.69,2.438,0.402,1,3,5,2
MIA-2010,MIA,2010,2010 Miami Dolphins,AFC East,16,7-9,17.06,8.9,20.81,10.46,-3.75,-0.619,1,3,4,1
MIN-2010,MIN,2010,2010 Minnesota Vikings,NFC North,16,6-10,17.56,9.27,21.75,8.33,-4.188,-0.691,1,2,4,3
NE-2010,NE,2010,2010 New England Patriots,AFC East,16,14-2,32.38,9.74,19.56,9.98,12.813,2.114,1,3,5,3
NO-2010,NO,2010,2010 New Orleans Saints,NFC South,16,11-5,24,7.53,19.19,9.41,4.813,0.794,1,3,5,3
NYG-2010,NYG,2010,2010 New York Giants,NFC East,16,10-6,24.63,9.49,21.69,13.68,2.938,0.485,1,4,3,3
NYJ-2010,NYJ,2010,2010 New York Jets,AFC East,16,11-5,22.94,12.05,19,10.53,3.938,0.65,1,2,4,1
PHI-2010,PHI,2010,2010 Philadelphia Eagles,NFC East,16,10-6,27.44,11.51,23.56,8.37,3.875,0.639,1,3,4,1
PIT-2010,PIT,2010,2010 Pittsburgh Steelers,AFC North,16,12-4,23.44,9.08,14.5,9.06,8.938,1.475,1,3,6,2
SEA-2010,SEA,2010,2010 Seattle Seahawks,NFC West,16,7-9,19.38,9.66,25.44,12.62,-6.063,-1,1,3,5,3
SF-2010,SF,2010,2010 San Francisco 49ers,NFC West,16,6-10,19.06,10.77,21.63,9.02,-2.563,-0.423,1,3,4,2
TB-2010,TB,2010,2010 Tampa Bay Buccaneers,NFC South,16,10-6,21.31,8.76,19.88,10.07,1.438,0.237,2,3,5,2
TEN-2010,TEN,2010,2010 Tennessee Titans,AFC South,16,6-10,22.25,11.13,21.19,8.47,1.063,0.175,2,2,6,3
WAS-2010,WAS,2010,2010 Washington Redskins,NFC East,16,6-10,18.88,6.34,23.56,12.95,-4.688,-0.773,1,2,5,3
ARI-2011,ARI,2011,2011 Arizona Cardinals,NFC West,16,8-8,19.5,6.14,21.75,6.84,-2.25,-0.327,2,4,3,3
ATL-2011,ATL,2011,2011 Atlanta Falcons,NFC South,16,10-6,25.13,10.46,21.88,9.09,3.25,0.472,1,2,4,2
BAL-2011,BAL,2011,2011 Baltimore Ravens,AFC North,16,12-4,23.63,8.71,16.63,8.22,7,1.016,1,2,5,2
BUF-2011,BUF,2011,2011 Buffalo Bills,AFC East,16,6-10,23.25,11.16,27.13,12.56,-3.875,-0.563,1,2,6,1
CAR-2011,CAR,2011,2011 Carolina Panthers,NFC South,16,6-10,25.38,10.41,26.81,10.67,-1.438,-0.209,1,2,5,2
CHI-2011,CHI,2011,2011 Chicago Bears,NFC North,16,8-8,22.06,10.51,21.31,9.03,0.75,0.109,1,3,6,2
CIN-2011,CIN,2011,2011 Cincinnati Bengals,AFC North,16,9-7,21.5,7.12,20.19,6.32,1.313,0.191,1,4,5,1
CLE-2011,CLE,2011,2011 Cleveland Browns,AFC North,16,4-12,13.63,5.71,19.19,7.49,-5.563,-0.808,1,4,4,3
DAL-2011,DAL,2011,2011 Dallas Cowboys,NFC East,16,8-8,23.06,10.34,21.69,9.19,1.375,0.2,1,3,5,3
DEN-2011,DEN,2011,2011 Denver Broncos,AFC West,16,8-8,19.31,8.72,24.38,13.55,-5.063,-0.735,2,2,5,3
DET-2011,DET,2011,2011 Detroit Lions,NFC North,16,10-6,29.63,12.08,24.19,11.02,5.438,0.789,1,2,4,3
GB-2011,GB,2011,2011 Green Bay Packers,NFC North,16,15-1,35,9.98,22.44,10.77,12.563,1.824,1,3,5,3
HOU-2011,HOU,2011,2011 Houston Texans,AFC South,16,10-6,23.81,8.6,17.38,9.41,6.438,0.935,1,2,4,3
IND-2011,IND,2011,2011 Indianapolis Colts,AFC South,16,2-14,15.19,7.19,26.88,11.02,-11.688,-1.697,2,3,3,3
JAX-2011,JAX,2011,2011 Jacksonville Jaguars,AFC South,16,5-11,15.19,8.02,20.56,10.58,-5.375,-0.78,1,4,6,1
KC-2011,KC,2011,2011 Kansas City Chiefs,AFC West,16,7-9,13.25,8.55,21.13,13.96,-7.875,-1.143,1,2,5,1
LAC-2011,LAC,2011,2011 San Diego Chargers,AFC West,16,8-8,25.38,9.27,23.56,9.8,1.813,0.263,1,2,5,2
LAR-2011,LAR,2011,2011 St. Louis Rams,NFC West,16,2-14,12.06,8.64,25.44,6.8,-13.375,-1.942,1,4,5,2
LV-2011,LV,2011,2011 Oakland Raiders,AFC West,16,8-8,22.44,8.31,27.06,9.59,-4.625,-0.671,1,3,6,4
MIA-2011,MIA,2011,2011 Miami Dolphins,AFC East,16,6-10,20.56,8.49,19.56,8.52,1,0.145,1,2,4,2
MIN-2011,MIN,2011,2011 Minnesota Vikings,NFC North,16,3-13,21.25,8.14,28.06,9.32,-6.813,-0.989,2,3,4,3
NE-2011,NE,2011,2011 New England Patriots,AFC East,16,13-3,32.06,8.28,21.38,6.52,10.688,1.552,1,3,5,2
NO-2011,NO,2011,2011 New Orleans Saints,NFC South,16,13-3,34.19,11.93,21.19,9.09,13,1.887,1,3,4,1
NYG-2011,NYG,2011,2011 New York Giants,NFC East,16,9-7,24.63,8.09,25,10.09,-0.375,-0.054,1,3,4,2
NYJ-2011,NYJ,2011,2011 New York Jets,AFC East,16,8-8,23.56,7.26,22.69,11.78,0.875,0.127,1,3,4,3
PHI-2011,PHI,2011,2011 Philadelphia Eagles,NFC East,16,8-8,24.75,8.35,20.5,10.71,4.25,0.617,1,3,4,2
PIT-2011,PIT,2011,2011 Pittsburgh Steelers,AFC North,16,12-4,20.31,10.02,14.19,9.23,6.125,0.889,1,3,5,3
SEA-2011,SEA,2011,2011 Seattle Seahawks,NFC West,16,7-9,20.06,10.84,19.69,8.67,0.375,0.054,1,3,5,2
SF-2011,SF,2011,2011 San Francisco 49ers,NFC West,16,13-3,23.75,9.39,14.31,8.55,9.438,1.37,1,3,4,2
TB-2011,TB,2011,2011 Tampa Bay Buccaneers,NFC South,16,4-12,17.94,6.24,30.88,11.2,-12.938,-1.878,2,2,5,2
TEN-2011,TEN,2011,2011 Tennessee Titans,AFC South,16,9-7,20.31,6.53,19.81,9.7,0.5,0.073,1,3,4,3
WAS-2011,WAS,2011,2011 Washington Redskins,NFC East,16,5-11,18,7.75,22.94,8.55,-4.938,-0.717,1,2,6,3
ARI-2012,ARI,2012,2012 Arizona Cardinals,NFC West,16,5-11,15.63,9.75,22.31,12.21,-6.688,-0.961,0,3,4,2
ATL-2012,ATL,2012,2012 Atlanta Falcons,NFC South,16,13-3,26.19,5.89,18.69,8.55,7.5,1.078,1,2,4,1
BAL-2012,BAL,2012,2012 Baltimore Ravens,AFC North,16,10-6,24.88,12.09,21.5,9.99,3.375,0.485,1,3,4,2
BUF-2012,BUF,2012,2012 Buffalo Bills,AFC East,16,6-10,21.5,10.15,27.19,14.8,-5.688,-0.817,1,3,5,2
CAR-2012,CAR,2012,2012 Carolina Panthers,NFC South,16,7-9,22.31,10.07,22.69,9.76,-0.375,-0.054,1,2,6,2
CHI-2012,CHI,2012,2012 Chicago Bears,NFC North,16,10-6,23.44,13.27,17.31,7.85,6.125,0.88,1,3,5,3
CIN-2012,CIN,2012,2012 Cincinnati Bengals,AFC North,16,10-6,24.44,8.25,20,10.77,4.438,0.638,1,3,5,2
CLE-2012,CLE,2012,2012 Cleveland Browns,AFC North,16,5-11,18.88,7.53,23,10.11,-4.125,-0.593,1,3,5,3
DAL-2012,DAL,2012,2012 Dallas Cowboys,NFC East,16,8-8,23.5,8.59,25,8.05,-1.5,-0.216,1,4,5,3
DEN-2012,DEN,2012,2012 Denver Broncos,AFC West,16,13-3,30.06,6.31,18.06,8.47,12,1.724,1,4,5,2
DET-2012,DET,2012,2012 Detroit Lions,NFC North,16,4-12,23.25,8.9,27.31,8.37,-4.063,-0.584,1,3,4,3
GB-2012,GB,2012,2012 Green Bay Packers,NFC North,16,11-5,27.06,10.67,21,9.26,6.063,0.871,1,1,5,3
HOU-2012,HOU,2012,2012 Houston Texans,AFC South,16,12-4,26,10.62,20.69,12.27,5.313,0.763,1,3,4,3
IND-2012,IND,2012,2012 Indianapolis Colts,AFC South,16,11-5,22.31,6.25,24.19,12.99,-1.875,-0.269,1,4,4,2
JAX-2012,JAX,2012,2012 Jacksonville Jaguars,AFC South,16,2-14,15.94,8.91,27.75,7.87,-11.813,-1.697,2,3,4,1
KC-2012,KC,2012,2012 Kansas City Chiefs,AFC West,16,2-14,13.19,8.22,26.56,9.6,-13.375,-1.922,2,3,4,2
LAC-2012,LAC,2012,2012 San Diego Chargers,AFC West,16,7-9,21.88,10.81,21.88,8.76,0,0,1,4,5,3
LAR-2012,LAR,2012,2012 St. Louis Rams,NFC West,16,7-8-1,18.69,7.56,21.75,10.45,-3.063,-0.44,1,3,6,2
LV-2012,LV,2012,2012 Oakland Raiders,AFC West,16,4-12,18.13,8.27,27.69,12.69,-9.563,-1.374,1,3,5,3
MIA-2012,MIA,2012,2012 Miami Dolphins,AFC East,16,7-9,18,9.01,19.81,8.91,-1.813,-0.26,1,3,4,2
MIN-2012,MIN,2012,2012 Minnesota Vikings,NFC North,16,10-6,23.69,7.6,21.75,9.91,1.938,0.278,1,2,5,3
NE-2012,NE,2012,2012 New England Patriots,AFC East,16,12-4,34.81,11.73,20.69,9.98,14.125,2.029,1,4,5,2
NO-2012,NO,2012,2012 New Orleans Saints,NFC South,16,7-9,28.81,8.03,28.38,12.25,0.438,0.063,1,4,5,2
NYG-2012,NYG,2012,2012 New York Giants,NFC East,16,9-7,26.81,13.93,21.5,10.13,5.313,0.763,1,3,4,2
NYJ-2012,NYJ,2012,2012 New York Jets,AFC East,16,6-10,17.56,12.15,23.44,11.05,-5.875,-0.844,2,3,4,3
PHI-2012,PHI,2012,2012 Philadelphia Eagles,NFC East,16,4-12,17.5,7.44,27.75,7.9,-10.25,-1.473,1,2,5,2
PIT-2012,PIT,2012,2012 Pittsburgh Steelers,AFC North,16,8-8,21,6.16,19.63,8.37,1.375,0.198,1,5,4,2
SEA-2012,SEA,2012,2012 Seattle Seahawks,NFC West,16,11-5,25.75,13.83,15.31,7.16,10.438,1.5,1,3,4,3
SF-2012,SF,2012,2012 San Francisco 49ers,NFC West,16,11-4-1,24.81,11.31,17.06,11.76,7.75,1.113,2,3,5,2
TB-2012,TB,2012,2012 Tampa Bay Buccaneers,NFC South,16,7-9,24.31,11.15,24.63,9.61,-0.313,-0.045,1,3,5,2
TEN-2012,TEN,2012,2012 Tennessee Titans,AFC South,16,6-10,20.63,12,29.44,13.72,-8.813,-1.266,2,2,4,3
WAS-2012,WAS,2012,2012 Washington Redskins,NFC East,16,10-6,27.25,9.04,24.25,7.56,3,0.431,1,2,6,2
ARI-2013,ARI,2013,2013 Arizona Cardinals,NFC West,16,10-6,23.69,8.15,20.25,9.69,3.438,0.526,1,4,4,2
ATL-2013,ATL,2013,2013 Atlanta Falcons,NFC South,16,4-12,22.06,7.7,27.69,6.11,-5.625,-0.861,1,4,4,2
BAL-2013,BAL,2013,2013 Baltimore Ravens,AFC North,16,8-8,20,5.88,22,11.91,-2,-0.306,1,2,4,2
BUF-2013,BUF,2013,2013 Buffalo Bills,AFC East,16,6-10,21.19,7.56,24.25,9.08,-3.063,-0.469,1,3,6,2
CAR-2013,CAR,2013,2013 Carolina Panthers,NFC South,16,12-4,22.88,10.11,15.06,7.62,7.813,1.196,1,1,3,1
CHI-2013,CHI,2013,2013 Chicago Bears,NFC North,16,8-8,27.81,9.5,29.88,10.38,-2.063,-0.316,2,2,5,2
CIN-2013,CIN,2013,2013 Cincinnati Bengals,AFC North,16,11-5,26.88,12.24,19.06,7.63,7.813,1.196,1,3,5,3
CLE-2013,CLE,2013,2013 Cleveland Browns,AFC North,16,4-12,19.25,9.34,25.38,8.65,-6.125,-0.938,2,3,4,3
DAL-2013,DAL,2013,2013 Dallas Cowboys,NFC East,16,8-8,27.44,8.4,27,13.68,0.438,0.067,1,3,5,3
DEN-2013,DEN,2013,2013 Denver Broncos,AFC West,16,13-3,37.88,9.55,24.94,9.25,12.938,1.981,1,3,5,3
DET-2013,DET,2013,2013 Detroit Lions,NFC North,16,7-9,24.69,8.9,23.5,7.31,1.188,0.182,1,3,6,2
GB-2013,GB,2013,2013 Green Bay Packers,NFC North,16,8-7-1,26.06,9.73,26.75,8.91,-0.688,-0.105,1,2,3,2
HOU-2013,HOU,2013,2013 Houston Texans,AFC South,16,2-14,17.25,9.56,26.75,7.19,-9.5,-1.454,2,3,5,2
IND-2013,IND,2013,2013 Indianapolis Colts,AFC South,16,11-5,24.44,9.23,21,13.08,3.438,0.526,1,2,4,1
JAX-2013,JAX,2013,2013 Jacksonville Jaguars,AFC South,16,4-12,15.44,8.88,28.06,9.55,-12.625,-1.933,1,4,3,2
KC-2013,KC,2013,2013 Kansas City Chiefs,AFC West,16,11-5,26.88,11.71,19.06,10.82,7.813,1.196,1,3,4,2
LAC-2013,LAC,2013,2013 San Diego Chargers,AFC West,16,9-7,24.75,8.18,21.75,8.71,3,0.459,1,3,4,3
LAR-2013,LAR,2013,2013 St. Louis Rams,NFC West,16,7-9,21.75,11.74,22.75,8.08,-1,-0.153,1,4,5,3
LV-2013,LV,2013,2013 Oakland Raiders,AFC West,16,4-12,20.13,6.33,28.31,12.01,-8.188,-1.254,0,4,6,2
MIA-2013,MIA,2013,2013 Miami Dolphins,AFC East,16,8-8,19.81,7.8,20.94,7.69,-1.125,-0.172,1,2,5,1
MIN-2013,MIN,2013,2013 Minnesota Vikings,NFC North,16,5-10-1,24.44,10.26,30,8.11,-5.563,-0.852,3,3,3,3
NE-2013,NE,2013,2013 New England Patriots,AFC East,16,12-4,27.75,11.26,21.13,8.89,6.625,1.014,1,4,5,1
NO-2013,NO,2013,2013 New Orleans Saints,NFC South,16,11-5,25.88,11.33,19,6.96,6.875,1.052,1,4,4,2
NYG-2013,NYG,2013,2013 New York Giants,NFC East,16,7-9,18.38,9.02,23.94,11.85,-5.563,-0.852,1,2,4,3
NYJ-2013,NYJ,2013,2013 New York Jets,AFC East,16,8-8,18.13,10.39,24.19,10.72,-6.063,-0.928,1,2,4,2
PHI-2013,PHI,2013,2013 Philadelphia Eagles,NFC East,16,10-6,27.63,13.11,23.88,11.57,3.75,0.574,1,3,4,3
PIT-2013,PIT,2013,2013 Pittsburgh Steelers,AFC North,16,8-8,23.69,8.26,23.13,13.2,0.563,0.086,1,4,4,1
SEA-2013,SEA,2013,2013 Seattle Seahawks,NFC West,16,13-3,26.06,10.03,14.44,8.79,11.625,1.78,1,2,4,2
SF-2013,SF,2013,2013 San Francisco 49ers,NFC West,16,12-4,25.38,11.3,17,7.93,8.375,1.282,1,4,3,2
TB-2013,TB,2013,2013 Tampa Bay Buccaneers,NFC South,16,4-12,18,9.11,24.31,8.81,-6.313,-0.966,1,2,3,1
TEN-2013,TEN,2013,2013 Tennessee Titans,AFC South,16,7-9,22.63,7.28,23.81,10.82,-1.188,-0.182,1,4,5,2
WAS-2013,WAS,2013,2013 Washington Redskins,NFC East,16,3-13,20.88,9.68,29.88,8.9,-9,-1.378,1,2,5,3
ARI-2014,ARI,2014,2014 Arizona Cardinals,NFC West,16,11-5,19.38,7.98,18.69,9.39,0.688,0.11,1,3,5,2
ATL-2014,ATL,2014,2014 Atlanta Falcons,NFC South,16,6-10,23.81,13.07,26.06,8.96,-2.25,-0.36,1,5,5,1
BAL-2014,BAL,2014,2014 Baltimore Ravens,AFC North,16,10-6,25.56,9.34,18.88,10.63,6.688,1.071,1,3,5,2
BUF-2014,BUF,2014,2014 Buffalo Bills,AFC East,16,9-7,21.44,9.24,18.06,8.27,3.375,0.541,1,3,5,3
CAR-2014,CAR,2014,2014 Carolina Panthers,NFC South,16,7-8-1,21.19,9.8,23.38,13.09,-2.188,-0.351,1,2,5,3
CHI-2014,CHI,2014,2014 Chicago Bears,NFC North,16,5-11,19.94,5.92,27.63,13.45,-7.688,-1.232,1,3,3,2
CIN-2014,CIN,2014,2014 Cincinnati Bengals,AFC North,16,10-5-1,22.81,10.83,21.5,12.52,1.313,0.21,1,3,4,2
CLE-2014,CLE,2014,2014 Cleveland Browns,AFC North,16,7-9,18.69,9.51,21.06,7.43,-2.375,-0.38,1,4,5,3
DAL-2014,DAL,2014,2014 Dallas Cowboys,NFC East,16,12-4,29.19,10.39,22,7.51,7.188,1.152,1,3,4,3
DEN-2014,DEN,2014,2014 Denver Broncos,AFC West,16,12-4,30.13,10.44,22.13,9.15,8,1.282,1,3,5,3
DET-2014,DET,2014,2014 Detroit Lions,NFC North,16,11-5,20.06,8.95,17.63,7.68,2.438,0.391,1,3,4,2
GB-2014,GB,2014,2014 Green Bay Packers,NFC North,16,12-4,30.38,13.71,21.75,10.17,8.625,1.382,1,3,4,2
HOU-2014,HOU,2014,2014 Houston Texans,AFC South,16,9-7,23.25,8.19,19.19,8.27,4.063,0.651,1,3,4,3
IND-2014,IND,2014,2014 Indianapolis Colts,AFC South,16,11-5,28.63,10.98,23.06,14.38,5.563,0.891,1,3,5,3
JAX-2014,JAX,2014,2014 Jacksonville Jaguars,AFC South,16,3-13,15.56,5.86,25.75,10.15,-10.188,-1.632,1,3,5,2
KC-2014,KC,2014,2014 Kansas City Chiefs,AFC West,16,9-7,22.06,8.84,17.56,6.65,4.5,0.721,1,2,5,2
LAC-2014,LAC,2014,2014 San Diego Chargers,AFC West,16,9-7,21.75,10.95,21.75,10.64,0,0,1,3,4,3
LAR-2014,LAR,2014,2014 St. Louis Rams,NFC West,16,6-10,20.25,12.14,22.13,12.83,-1.875,-0.3,2,5,4,3
LV-2014,LV,2014,2014 Oakland Raiders,AFC West,16,3-13,15.81,7.68,28.25,11.62,-12.438,-1.993,1,4,5,2
MIA-2014,MIA,2014,2014 Miami Dolphins,AFC East,16,8-8,24.25,9.75,23.31,12.17,0.938,0.15,1,3,5,2
MIN-2014,MIN,2014,2014 Minnesota Vikings,NFC North,16,7-9,20.31,11.53,21.44,9.74,-1.125,-0.18,1,4,4,3
NE-2014,NE,2014,2014 New England Patriots,AFC East,16,12-4,29.25,12.65,19.56,8.99,9.688,1.552,1,3,4,2
NO-2014,NO,2014,2014 New Orleans Saints,NFC South,16,7-9,25.06,9.68,26.5,9.47,-1.438,-0.23,1,4,5,3
NYG-2014,NYG,2014,2014 New York Giants,NFC East,16,6-10,23.75,11.18,25,9.71,-1.25,-0.2,1,4,3,3
NYJ-2014,NYJ,2014,2014 New York Jets,AFC East,16,4-12,17.69,8.79,25.06,9.1,-7.375,-1.182,2,3,6,3
PHI-2014,PHI,2014,2014 Philadelphia Eagles,NFC East,16,10-6,29.63,8.52,25,11.55,4.625,0.741,2,3,4,4
PIT-2014,PIT,2014,2014 Pittsburgh Steelers,AFC North,16,11-5,27.25,12.34,23,7.13,4.25,0.681,1,4,5,1
SEA-2014,SEA,2014,2014 Seattle Seahawks,NFC West,16,12-4,24.63,7.16,15.88,9.5,8.75,1.402,1,3,5,2
SF-2014,SF,2014,2014 San Francisco 49ers,NFC West,16,8-8,19.13,8.81,21.25,8.69,-2.125,-0.34,1,2,5,1
TB-2014,TB,2014,2014 Tampa Bay Buccaneers,NFC South,16,2-14,17.31,6.66,25.63,12.51,-8.313,-1.332,1,3,4,2
TEN-2014,TEN,2014,2014 Tennessee Titans,AFC South,16,2-14,15.88,7.06,27.38,10.39,-11.5,-1.842,0,4,5,2
WAS-2014,WAS,2014,2014 Washington Redskins,NFC East,16,4-12,18.81,10.54,27.38,11.32,-8.563,-1.372,1,3,3,3
ARI-2015,ARI,2015,2015 Arizona Cardinals,NFC West,16,13-3,30.56,11.98,19.56,9.1,11,1.805,1,4,5,2
ATL-2015,ATL,2015,2015 Atlanta Falcons,NFC South,16,8-8,21.19,11.06,21.56,7.11,-0.375,-0.062,1,4,5,2
BAL-2015,BAL,2015,2015 Baltimore Ravens,AFC North,16,5-11,20.5,7.77,25.06,7.22,-4.563,-0.749,1,4,4,3
BUF-2015,BUF,2015,2015 Buffalo Bills,AFC East,16,8-8,23.69,8.35,22.44,9.63,1.25,0.205,1,3,5,1
CAR-2015,CAR,2015,2015 Carolina Panthers,NFC South,16,15-1,31.25,8.38,19.25,9.92,12,1.969,2,2,4,2
CHI-2015,CHI,2015,2015 Chicago Bears,NFC North,16,6-10,20.94,8.09,24.81,9.59,-3.875,-0.636,1,3,5,2
CIN-2015,CIN,2015,2015 Cincinnati Bengals,AFC North,16,12-4,26.19,8.34,17.44,8.77,8.75,1.436,1,4,4,3
CLE-2015,CLE,2015,2015 Cleveland Browns,AFC North,16,3-13,17.38,9,27,7.4,-9.625,-1.579,2,2,5,2
DAL-2015,DAL,2015,2015 Dallas Cowboys,NFC East,16,4-12,17.19,7.89,23.38,9.37,-6.188,-1.015,1,3,5,3
DEN-2015,DEN,2015,2015 Denver Broncos,AFC West,16,12-4,22.19,6.05,18.5,8.13,3.688,0.605,2,3,6,3
DET-2015,DET,2015,2015 Detroit Lions,NFC North,16,7-9,22.38,10.38,25,9.83,-2.625,-0.431,1,3,4,3
GB-2015,GB,2015,2015 Green Bay Packers,NFC North,16,10-6,23,8.85,20.19,9.68,2.813,0.462,1,2,5,1
HOU-2015,HOU,2015,2015 Houston Texans,AFC South,16,9-7,21.19,7.24,19.56,13.74,1.625,0.267,1,3,5,3
IND-2015,IND,2015,2015 Indianapolis Colts,AFC South,16,8-8,20.81,8.08,25.5,11.17,-4.688,-0.769,1,2,6,3
JAX-2015,JAX,2015,2015 Jacksonville Jaguars,AFC South,16,5-11,23.5,11.33,28,10.6,-4.5,-0.738,1,2,5,3
KC-2015,KC,2015,2015 Kansas City Chiefs,AFC West,16,11-5,25.31,9.24,17.94,10.09,7.375,1.21,1,3,5,2
LAC-2015,LAC,2015,2015 San Diego Chargers,AFC West,16,4-12,20,10.04,24.88,6.86,-4.875,-0.8,1,3,6,3
LAR-2015,LAR,2015,2015 St. Louis Rams,NFC West,16,7-9,17.5,9.24,20.63,8.71,-3.125,-0.513,1,4,5,3
LV-2015,LV,2015,2015 Oakland Raiders,AFC West,16,7-9,22.44,9.11,24.94,7.51,-2.5,-0.41,1,4,5,3
MIA-2015,MIA,2015,2015 Miami Dolphins,AFC East,16,6-10,19.38,9.42,24.31,10.25,-4.938,-0.81,1,3,5,2
MIN-2015,MIN,2015,2015 Minnesota Vikings,NFC North,16,11-5,22.81,11.23,18.88,7.22,3.938,0.646,1,4,4,3
NE-2015,NE,2015,2015 New England Patriots,AFC East,16,12-4,29.06,9.16,19.69,9.43,9.375,1.538,1,3,5,3
NO-2015,NO,2015,2015 New Orleans Saints,NFC South,16,7-9,25.5,10.86,29.75,10.21,-4.25,-0.697,1,4,4,3
NYG-2015,NYG,2015,2015 New York Giants,NFC East,16,6-10,26.25,9.66,27.63,11.03,-1.375,-0.226,1,4,4,2
NYJ-2015,NYJ,2015,2015 New York Jets,AFC East,16,10-6,24.19,6.66,19.63,7.34,4.563,0.749,1,3,4,2
PHI-2015,PHI,2015,2015 Philadelphia Eagles,NFC East,16,7-9,23.56,8.38,26.88,10.68,-3.313,-0.544,1,3,4,4
PIT-2015,PIT,2015,2015 Pittsburgh Steelers,AFC North,16,10-6,26.44,10.67,19.94,9.19,6.5,1.066,1,2,4,1
SEA-2015,SEA,2015,2015 Seattle Seahawks,NFC West,16,10-6,26.44,8.66,17.31,12.14,9.125,1.497,1,2,4,2
SF-2015,SF,2015,2015 San Francisco 49ers,NFC West,16,5-11,14.88,7.7,24.19,10.69,-9.313,-1.528,2,2,4,3
TB-2015,TB,2015,2015 Tampa Bay Buccaneers,NFC South,16,6-10,21.38,10.09,26.06,9.31,-4.688,-0.769,1,3,5,2
TEN-2015,TEN,2015,2015 Tennessee Titans,AFC South,16,3-13,18.69,12.59,26.44,8.86,-7.75,-1.272,1,3,5,4
WAS-2015,WAS,2015,2015 Washington Redskins,NFC East,16,9-7,24.25,10.27,23.69,8.58,0.563,0.092,1,3,6,2
ARI-2016,ARI,2016,2016 Arizona Cardinals,NFC West,16,7-8-1,26.13,10.49,22.63,12.65,3.5,0.649,1,2,5,2
ATL-2016,ATL,2016,2016 Atlanta Falcons,NFC South,16,11-5,33.75,9.23,25.38,7.34,8.375,1.552,1,3,6,3
BAL-2016,BAL,2016,2016 Baltimore Ravens,AFC North,16,8-8,21.44,7.4,20.06,8.62,1.375,0.255,1,2,6,2
BUF-2016,BUF,2016,2016 Buffalo Bills,AFC East,16,7-9,24.94,9.56,23.63,11.42,1.313,0.243,1,4,5,2
CAR-2016,CAR,2016,2016 Carolina Panthers,NFC South,16,6-10,23.06,10.85,25.13,10.99,-2.063,-0.382,2,2,4,2
CHI-2016,CHI,2016,2016 Chicago Bears,NFC North,16,3-13,17.44,5.3,24.94,9.84,-7.5,-1.39,0,3,5,2
CIN-2016,CIN,2016,2016 Cincinnati Bengals,AFC North,16,6-9-1,20.31,6.6,19.69,7.96,0.625,0.116,1,3,5,3
CLE-2016,CLE,2016,2016 Cleveland Browns,AFC North,16,1-15,16.5,6.74,28.25,4.49,-11.75,-2.177,1,3,5,2
DAL-2016,DAL,2016,2016 Dallas Cowboys,NFC East,16,13-3,26.31,8.8,19.13,5.75,7.188,1.332,1,3,5,1
DEN-2016,DEN,2016,2016 Denver Broncos,AFC West,16,9-7,20.81,8.4,18.56,8.23,2.25,0.417,1,3,6,1
DET-2016,DET,2016,2016 Detroit Lions,NFC North,16,9-7,21.63,7.95,22.38,8.85,-0.75,-0.139,1,3,4,1
GB-2016,GB,2016,2016 Green Bay Packers,NFC North,16,10-6,27,6.82,24.25,10.91,2.75,0.51,1,1,6,2
HOU-2016,HOU,2016,2016 Houston Texans,AFC South,16,9-7,17.44,7.08,20.5,6.06,-3.063,-0.568,1,5,4,3
IND-2016,IND,2016,2016 Indianapolis Colts,AFC South,16,8-8,25.69,8.59,24.5,8.55,1.188,0.22,1,4,4,3
JAX-2016,JAX,2016,2016 Jacksonville Jaguars,AFC South,16,3-13,19.88,6.64,25,6.49,-5.125,-0.95,1,4,6,3
KC-2016,KC,2016,2016 Kansas City Chiefs,AFC West,16,12-4,24.31,7.45,19.44,9.51,4.875,0.903,1,3,5,3
LAC-2016,LAC,2016,2016 San Diego Chargers,AFC West,16,5-11,25.63,8.15,26.44,8.21,-0.813,-0.151,1,2,4,3
LAR-2016,LAR,2016,2016 Los Angeles Rams,NFC West,16,4-12,14,9.49,24.63,13.35,-10.625,-1.969,1,4,6,2
LV-2016,LV,2016,2016 Oakland Raiders,AFC West,16,12-4,26,9.88,24.06,6.89,1.938,0.359,1,5,5,2
MIA-2016,MIA,2016,2016 Miami Dolphins,AFC East,16,10-6,22.69,9.76,23.75,8.16,-1.063,-0.197,1,3,4,2
MIN-2016,MIN,2016,2016 Minnesota Vikings,NFC North,16,8-8,20.44,8.69,19.19,8.2,1.25,0.232,1,4,3,2
NE-2016,NE,2016,2016 New England Patriots,AFC East,16,14-2,27.56,9.95,15.63,8.52,11.938,2.212,1,2,4,2
NO-2016,NO,2016,2016 New Orleans Saints,NFC South,16,7-9,29.31,12.01,28.38,9.01,0.938,0.174,1,3,5,3
NYG-2016,NYG,2016,2016 New York Giants,NFC East,16,11-5,19.38,5.76,17.75,7.09,1.625,0.301,1,3,5,2
NYJ-2016,NYJ,2016,2016 New York Jets,AFC East,16,5-11,17.19,10.65,25.56,9.4,-8.375,-1.552,1,2,5,2
PHI-2016,PHI,2016,2016 Philadelphia Eagles,NFC East,16,7-9,22.94,5.65,20.69,8.68,2.25,0.417,1,4,3,4
PIT-2016,PIT,2016,2016 Pittsburgh Steelers,AFC North,16,11-5,24.94,9.65,20.44,8.47,4.5,0.834,1,3,4,3
SEA-2016,SEA,2016,2016 Seattle Seahawks,NFC West,16,10-5-1,22.13,11.59,18.25,10.04,3.875,0.718,1,3,5,2
SF-2016,SF,2016,2016 San Francisco 49ers,NFC West,16,2-14,19.31,5.45,30,11.41,-10.688,-1.98,1,3,6,3
TB-2016,TB,2016,2016 Tampa Bay Buccaneers,NFC South,16,9-7,22.13,9,23.06,11.16,-0.938,-0.174,1,3,3,3
TEN-2016,TEN,2016,2016 Tennessee Titans,AFC South,16,9-7,23.81,9.81,23.63,8.78,0.188,0.035,1,3,5,2
WAS-2016,WAS,2016,2016 Washington Redskins,NFC East,16,8-7-1,24.75,8.83,23.94,6.44,0.813,0.151,1,2,4,2
ARI-2017,ARI,2017,2017 Arizona Cardinals,NFC West,16,8-8,18.44,8.59,22.56,10.84,-4.125,-0.666,0,3,5,3
ATL-2017,ATL,2017,2017 Atlanta Falcons,NFC South,16,10-6,22.06,8.52,19.69,5.86,2.375,0.383,1,2,5,2
BAL-2017,BAL,2017,2017 Baltimore Ravens,AFC North,16,9-7,24.69,10.04,18.94,13.14,5.75,0.928,1,3,5,4
BUF-2017,BUF,2017,2017 Buffalo Bills,AFC East,16,9-7,18.88,8.69,22.44,13.86,-3.563,-0.575,2,2,4,3
CAR-2017,CAR,2017,2017 Carolina Panthers,NFC South,16,11-5,22.69,10.91,20.44,9.89,2.25,0.363,1,4,6,1
CHI-2017,CHI,2017,2017 Chicago Bears,NFC North,16,5-11,16.5,7.68,20,9.31,-3.5,-0.565,1,3,3,3
CIN-2017,CIN,2017,2017 Cincinnati Bengals,AFC North,16,7-9,18.13,9.72,21.81,7.31,-3.688,-0.595,1,2,5,2
CLE-2017,CLE,2017,2017 Cleveland Browns,AFC North,16,0-16,14.63,7.14,25.63,7.08,-11,-1.775,1,4,4,2
DAL-2017,DAL,2017,2017 Dallas Cowboys,NFC East,16,9-7,22.13,11.62,20.75,12.33,1.375,0.222,1,3,5,2
DEN-2017,DEN,2017,2017 Denver Broncos,AFC West,16,5-11,18.06,9.29,23.88,12.03,-5.813,-0.938,1,3,6,3
DET-2017,DET,2017,2017 Detroit Lions,NFC North,16,9-7,25.63,7.76,23.5,12.08,2.125,0.343,1,2,5,2
GB-2017,GB,2017,2017 Green Bay Packers,NFC North,16,7-9,20,10.61,24,7.69,-4,-0.645,1,2,7,3
HOU-2017,HOU,2017,2017 Houston Texans,AFC South,16,4-12,21.13,14.71,27.25,10.47,-6.125,-0.988,1,4,5,1
IND-2017,IND,2017,2017 Indianapolis Colts,AFC South,16,4-12,16.44,7.76,25.25,10.29,-8.813,-1.422,1,2,5,2
JAX-2017,JAX,2017,2017 Jacksonville Jaguars,AFC South,16,10-6,26.06,9.53,16.75,12.43,9.313,1.503,1,4,4,2
KC-2017,KC,2017,2017 Kansas City Chiefs,AFC West,16,10-6,25.94,9.65,21.19,8.38,4.75,0.766,1,3,4,3
LAC-2017,LAC,2017,2017 Los Angeles Chargers,AFC West,16,9-7,22.19,10.56,17,8.47,5.188,0.837,1,3,4,2
LAR-2017,LAR,2017,2017 Los Angeles Rams,NFC West,16,11-5,29.88,12.61,20.56,12.01,9.313,1.503,1,2,6,3
LV-2017,LV,2017,2017 Oakland Raiders,AFC West,16,6-10,18.81,9.88,23.31,6.72,-4.5,-0.726,1,4,4,2
MIA-2017,MIA,2017,2017 Miami Dolphins,AFC East,16,6-10,17.56,9.73,24.56,9.9,-7,-1.129,1,4,4,2
MIN-2017,MIN,2017,2017 Minnesota Vikings,NFC North,16,13-3,23.88,9.07,15.75,8.65,8.125,1.311,1,2,5,2
NE-2017,NE,2017,2017 New England Patriots,AFC East,16,13-3,28.63,6.91,18.5,10.91,10.125,1.634,1,5,4,3
NO-2017,NO,2017,2017 New Orleans Saints,NFC South,16,11-5,28,10.11,20.38,10.68,7.625,1.23,1,2,5,3
NYG-2017,NYG,2017,2017 New York Giants,NFC East,16,3-13,15.38,8.25,24.25,10.3,-8.875,-1.432,1,4,4,3
NYJ-2017,NYJ,2017,2017 New York Jets,AFC East,16,5-11,18.63,10.2,23.88,9.5,-5.25,-0.847,1,3,5,2
PHI-2017,PHI,2017,2017 Philadelphia Eagles,NFC East,16,13-3,28.56,12.2,18.44,9.6,10.125,1.634,1,4,4,3
PIT-2017,PIT,2017,2017 Pittsburgh Steelers,AFC North,16,13-3,25.38,8.12,19.25,8.65,6.125,0.988,1,2,5,3
SEA-2017,SEA,2017,2017 Seattle Seahawks,NFC West,16,9-7,22.88,10.47,20.75,11.38,2.125,0.343,1,3,5,3
SF-2017,SF,2017,2017 San Francisco 49ers,NFC West,16,6-10,20.69,11.95,23.94,8.97,-3.25,-0.524,1,3,6,2
TB-2017,TB,2017,2017 Tampa Bay Buccaneers,NFC South,16,5-11,20.94,8.14,23.88,8.37,-2.938,-0.474,1,4,5,2
TEN-2017,TEN,2017,2017 Tennessee Titans,AFC South,16,9-7,20.88,8.87,22.25,12.2,-1.375,-0.222,1,3,5,3
WAS-2017,WAS,2017,2017 Washington Redskins,NFC East,16,7-9,21.38,6.29,24.25,10.21,-2.875,-0.464,1,2,4,2
ARI-2018,ARI,2018,2018 Arizona Cardinals,NFC West,16,3-13,14.06,7.54,26.56,10,-12.5,-2.077,1,2,5,2
ATL-2018,ATL,2018,2018 Atlanta Falcons,NFC South,16,7-9,25.88,9.56,26.44,9.78,-0.563,-0.094,1,2,6,2
BAL-2018,BAL,2018,2018 Baltimore Ravens,AFC North,16,10-6,24.31,8.07,17.94,9.96,6.375,1.059,2,3,4,4
BUF-2018,BUF,2018,2018 Buffalo Bills,AFC East,16,6-10,16.81,12.31,23.38,11.29,-6.563,-1.091,1,4,6,3
CAR-2018,CAR,2018,2018 Carolina Panthers,NFC South,16,7-9,23.5,9.4,23.88,10.07,-0.375,-0.062,1,3,5,2
CHI-2018,CHI,2018,2018 Chicago Bears,NFC North,16,12-4,26.31,8.95,17.69,9.26,8.625,1.433,1,4,4,2
CIN-2018,CIN,2018,2018 Cincinnati Bengals,AFC North,16,6-10,23,9.19,28.44,9.91,-5.438,-0.904,2,3,5,1
CLE-2018,CLE,2018,2018 Cleveland Browns,AFC North,16,7-8-1,22.44,7.93,24.5,9.67,-2.063,-0.343,1,3,4,3
DAL-2018,DAL,2018,2018 Dallas Cowboys,NFC East,16,10-6,21.19,10.57,20.25,6.75,0.938,0.156,1,3,5,3
DEN-2018,DEN,2018,2018 Denver Broncos,AFC West,16,6-10,20.56,8.16,21.81,6.57,-1.25,-0.208,1,3,6,3
DET-2018,DET,2018,2018 Detroit Lions,NFC North,16,6-10,20.25,7.6,22.5,11.8,-2.25,-0.374,1,3,3,3
GB-2018,GB,2018,2018 Green Bay Packers,NFC North,16,6-9-1,23.5,9.95,25,9.03,-1.5,-0.249,1,2,5,2
HOU-2018,HOU,2018,2018 Houston Texans,AFC South,16,11-5,25.13,7.46,19.75,8.39,5.375,0.893,1,3,2,2
IND-2018,IND,2018,2018 Indianapolis Colts,AFC South,16,10-6,27.06,10.07,21.5,12.84,5.563,0.924,1,3,5,2
JAX-2018,JAX,2018,2018 Jacksonville Jaguars,AFC South,16,5-11,15.31,8.87,19.75,10.02,-4.438,-0.737,1,3,4,2
KC-2018,KC,2018,2018 Kansas City Chiefs,AFC West,16,12-4,35.31,7.3,26.31,12.96,9,1.496,1,3,4,2
LAC-2018,LAC,2018,2018 Los Angeles Chargers,AFC West,16,12-4,26.75,7.98,20.56,9.43,6.188,1.028,1,3,4,2
LAR-2018,LAR,2018,2018 Los Angeles Rams,NFC West,16,13-3,32.94,10.66,24,13.43,8.938,1.485,1,2,5,2
LV-2018,LV,2018,2018 Oakland Raiders,AFC West,16,4-12,18.13,11.87,29.19,8.53,-11.063,-1.838,1,3,3,3
MIA-2018,MIA,2018,2018 Miami Dolphins,AFC East,16,7-9,19.94,7.89,27.06,10.98,-7.125,-1.184,1,5,4,2
MIN-2018,MIN,2018,2018 Minnesota Vikings,NFC North,16,8-7-1,22.5,10.17,21.31,7.66,1.188,0.197,1,3,4,1
NE-2018,NE,2018,2018 New England Patriots,AFC East,16,11-5,27.25,10.74,20.31,11.46,6.938,1.153,1,5,5,1
NO-2018,NO,2018,2018 New Orleans Saints,NFC South,16,13-3,31.5,12.92,22.06,11.26,9.438,1.568,1,2,3,3
NYG-2018,NYG,2018,2018 New York Giants,NFC East,16,5-11,23.06,10.79,25.75,6.69,-2.688,-0.447,1,2,5,3
NYJ-2018,NYJ,2018,2018 New York Jets,AFC East,16,4-12,20.81,13.45,27.56,9.3,-6.75,-1.122,1,3,5,3
PHI-2018,PHI,2018,2018 Philadelphia Eagles,NFC East,16,9-7,22.94,6.45,21.75,10.5,1.188,0.197,1,3,3,3
PIT-2018,PIT,2018,2018 Pittsburgh Steelers,AFC North,16,9-6-1,26.75,10.34,22.5,8.12,4.25,0.706,1,3,5,3
SEA-2018,SEA,2018,2018 Seattle Seahawks,NFC West,16,10-6,26.75,7.01,21.69,9.22,5.063,0.841,1,3,4,2
SF-2018,SF,2018,2018 San Francisco 49ers,NFC West,16,4-12,21.38,8.39,27.19,11.61,-5.813,-0.966,1,3,6,2
TB-2018,TB,2018,2018 Tampa Bay Buccaneers,NFC South,16,5-11,24.75,11.02,29,10.79,-4.25,-0.706,2,2,4,3
TEN-2018,TEN,2018,2018 Tennessee Titans,AFC South,16,9-7,19.38,8.81,18.94,10.52,0.438,0.073,2,2,5,3
WAS-2018,WAS,2018,2018 Washington Redskins,NFC East,16,7-9,17.56,6.99,22.44,11.56,-4.875,-0.81,1,3,4,3
ARI-2019,ARI,2019,2019 Arizona Cardinals,NFC West,16,5-10-1,22.56,8.69,27.63,6.39,-5.063,-0.752,1,3,7,2
ATL-2019,ATL,2019,2019 Atlanta Falcons,NFC South,16,7-9,23.81,8.42,24.94,11.85,-1.125,-0.167,1,3,4,3
BAL-2019,BAL,2019,2019 Baltimore Ravens,AFC North,16,14-2,33.19,11.14,17.63,8.87,15.563,2.312,1,4,5,3
BUF-2019,BUF,2019,2019 Buffalo Bills,AFC East,16,10-6,19.63,7.99,16.19,7.08,3.438,0.511,1,3,5,3
CAR-2019,CAR,2019,2019 Carolina Panthers,NFC South,16,5-11,21.25,10.87,29.38,10.07,-8.125,-1.207,1,3,4,2
CHI-2019,CHI,2019,2019 Chicago Bears,NFC North,16,8-8,17.5,8.43,18.63,7.12,-1.125,-0.167,1,3,4,2
CIN-2019,CIN,2019,2019 Cincinnati Bengals,AFC North,16,2-14,17.44,8.27,26.25,10.38,-8.813,-1.309,1,2,4,2
CLE-2019,CLE,2019,2019 Cleveland Browns,AFC North,16,6-10,20.94,9.96,24.56,10.51,-3.625,-0.539,1,4,4,2
DAL-2019,DAL,2019,2019 Dallas Cowboys,NFC East,16,8-8,27.13,12.06,20.06,7.88,7.063,1.049,1,2,4,2
DEN-2019,DEN,2019,2019 Denver Broncos,AFC West,16,7-9,17.63,9.15,19.75,7.3,-2.125,-0.316,1,3,4,2
DET-2019,DET,2019,2019 Detroit Lions,NFC North,16,3-12-1,21.31,7.12,26.44,8.05,-5.125,-0.761,1,3,4,3
GB-2019,GB,2019,2019 Green Bay Packers,NFC North,16,13-3,23.5,8.92,19.56,8.68,3.938,0.585,1,3,5,3
HOU-2019,HOU,2019,2019 Houston Texans,AFC South,16,10-6,23.63,10.54,24.06,9.95,-0.438,-0.065,1,4,5,2
IND-2019,IND,2019,2019 Indianapolis Colts,AFC South,16,7-9,22.56,8.52,23.31,9.8,-0.75,-0.111,1,3,6,3
JAX-2019,JAX,2019,2019 Jacksonville Jaguars,AFC South,16,6-10,18.75,9.64,24.81,11.41,-6.063,-0.901,1,2,4,0
KC-2019,KC,2019,2019 Kansas City Chiefs,AFC West,16,12-4,28.19,6.87,19.25,10.61,8.938,1.328,1,4,5,2
LAC-2019,LAC,2019,2019 Los Angeles Chargers,AFC West,16,5-11,21.06,8.74,21.56,7.98,-0.5,-0.074,1,3,3,2
LAR-2019,LAR,2019,2019 Los Angeles Rams,NFC West,16,9-7,24.63,10.11,22.75,15.16,1.875,0.279,1,3,5,2
LV-2019,LV,2019,2019 Oakland Raiders,AFC West,16,7-9,19.56,7.97,26.19,9.83,-6.625,-0.984,1,3,4,3
MIA-2019,MIA,2019,2019 Miami Dolphins,AFC East,16,5-11,19.13,10.22,30.88,11.48,-11.75,-1.746,1,2,6,3
MIN-2019,MIN,2019,2019 Minnesota Vikings,NFC North,16,10-6,25.44,10.18,18.94,8.36,6.5,0.966,1,4,4,3
NE-2019,NE,2019,2019 New England Patriots,AFC East,16,12-4,26.25,8.59,14.06,10.34,12.188,1.811,1,4,6,2
NO-2019,NO,2019,2019 New Orleans Saints,NFC South,16,13-3,28.63,11.66,21.31,11.19,7.313,1.086,2,2,4,3
NYG-2019,NYG,2019,2019 New York Giants,NFC East,16,4-12,21.31,8.96,28.19,8.65,-6.875,-1.021,1,2,5,2
NYJ-2019,NYJ,2019,2019 New York Jets,AFC East,16,7-9,17.25,10.69,22.44,10.22,-5.188,-0.771,1,2,6,2
PHI-2019,PHI,2019,2019 Philadelphia Eagles,NFC East,16,9-7,24.06,9.25,22.13,9.93,1.938,0.288,1,3,4,2
PIT-2019,PIT,2019,2019 Pittsburgh Steelers,AFC North,16,8-8,18.06,7.86,18.94,7.87,-0.875,-0.13,2,3,5,2
SEA-2019,SEA,2019,2019 Seattle Seahawks,NFC West,16,11-5,25.31,8.09,24.88,7.15,0.438,0.065,1,3,5,1
SF-2019,SF,2019,2019 San Francisco 49ers,NFC West,16,13-3,29.94,11.12,19.38,11.7,10.563,1.569,1,4,6,2
TB-2019,TB,2019,2019 Tampa Bay Buccaneers,NFC South,16,7-9,28.63,9.91,28.06,8.78,0.563,0.084,1,4,5,2
TEN-2019,TEN,2019,2019 Tennessee Titans,AFC South,16,9-7,25.13,13,20.69,7.45,4.438,0.659,1,2,6,3
WAS-2019,WAS,2019,2019 Washington Redskins,NFC East,16,3-13,16.63,9.69,27.19,10.23,-10.563,-1.569,2,3,5,1
ARI-2020,ARI,2020,2020 Arizona Cardinals,NFC West,16,8-8,25.63,8.6,22.94,9.43,2.688,0.423,1,2,6,2
ATL-2020,ATL,2020,2020 Atlanta Falcons,NFC South,16,4-12,24.75,10.09,25.88,9.58,-1.125,-0.177,1,3,6,3
BAL-2020,BAL,2020,2020 Baltimore Ravens,AFC North,16,11-5,29.25,8.89,18.94,11.23,10.313,1.625,1,5,5,2
BUF-2020,BUF,2020,2020 Buffalo Bills,AFC East,16,13-3,31.31,11.12,23.44,8.97,7.875,1.241,1,3,6,1
CAR-2020,CAR,2020,2020 Carolina Panthers,NFC South,16,5-11,21.88,6.52,25.13,10.65,-3.25,-0.512,1,3,4,1
CHI-2020,CHI,2020,2020 Chicago Bears,NFC North,16,8-8,23.25,9.14,23.13,8.62,0.125,0.02,2,3,4,4
CIN-2020,CIN,2020,2020 Cincinnati Bengals,AFC North,16,4-11-1,19.44,12.03,26.5,7.62,-7.063,-1.113,1,2,6,2
CLE-2020,CLE,2020,2020 Cleveland Browns,AFC North,16,11-5,25.5,13.86,26.19,11.68,-0.688,-0.108,1,3,3,3
DAL-2020,DAL,2020,2020 Dallas Cowboys,NFC East,16,6-10,24.69,12.33,29.56,10.61,-4.875,-0.768,1,2,5,2
DEN-2020,DEN,2020,2020 Denver Broncos,AFC West,16,5-11,20.19,9.19,27.88,10.06,-7.688,-1.211,1,3,5,2
DET-2020,DET,2020,2020 Detroit Lions,NFC North,16,5-11,23.56,9.26,32.44,9.5,-8.875,-1.398,1,3,5,2
GB-2020,GB,2020,2020 Green Bay Packers,NFC North,16,13-3,31.81,8.7,23.06,7.66,8.75,1.378,2,4,6,3
HOU-2020,HOU,2020,2020 Houston Texans,AFC South,16,4-12,24,9.83,29,9.02,-5,-0.788,1,2,5,3
IND-2020,IND,2020,2020 Indianapolis Colts,AFC South,16,11-5,28.19,8.52,22.63,9.6,5.563,0.876,2,3,5,3
JAX-2020,JAX,2020,2020 Jacksonville Jaguars,AFC South,16,1-15,19.13,7.66,30.75,5.8,-11.625,-1.831,1,2,5,2
KC-2020,KC,2020,2020 Kansas City Chiefs,AFC West,16,14-2,29.56,6.72,22.63,9.31,6.938,1.093,1,3,4,2
LAC-2020,LAC,2020,2020 Los Angeles Chargers,AFC West,16,7-9,24,9.91,26.63,8.16,-2.625,-0.414,1,4,6,2
LAR-2020,LAR,2020,2020 Los Angeles Rams,NFC West,16,10-6,23.25,7.9,18.5,8.84,4.75,0.748,1,3,5,2
LV-2020,LV,2020,2020 Las Vegas Raiders,AFC West,16,8-8,27.13,8.64,29.88,10.42,-2.75,-0.433,1,3,5,3
MIA-2020,MIA,2020,2020 Miami Dolphins,AFC East,16,10-6,25.25,7.72,21.13,13.72,4.125,0.65,2,4,6,3
MIN-2020,MIN,2020,2020 Minnesota Vikings,NFC North,16,7-9,26.88,7.15,29.69,9.53,-2.813,-0.443,1,4,5,3
NE-2020,NE,2020,2020 New England Patriots,AFC East,16,7-9,20.38,11.51,22.06,9.52,-1.688,-0.266,1,5,3,2
NO-2020,NO,2020,2020 New Orleans Saints,NFC South,16,12-4,30.13,7.61,21.06,11.23,9.063,1.428,1,2,4,4
NYG-2020,NYG,2020,2020 New York Giants,NFC East,16,6-10,17.5,7.76,22.31,6.89,-4.813,-0.758,1,3,4,2
NYJ-2020,NYJ,2020,2020 New York Jets,AFC East,16,2-14,15.19,9.83,28.56,7.23,-13.375,-2.107,1,4,5,3
PHI-2020,PHI,2020,2020 Philadelphia Eagles,NFC East,16,4-11-1,20.88,4.69,26.13,7.8,-5.25,-0.827,2,3,4,3
PIT-2020,PIT,2020,2020 Pittsburgh Steelers,AFC North,16,12-4,26,7.09,19.5,7.52,6.5,1.024,1,4,5,2
SEA-2020,SEA,2020,2020 Seattle Seahawks,NFC West,16,12-4,28.69,8.58,23.19,10.05,5.5,0.866,1,4,4,3
SF-2020,SF,2020,2020 San Francisco 49ers,NFC West,16,6-10,23.5,6.88,24.38,11.33,-0.875,-0.138,1,3,4,3
TB-2020,TB,2020,2020 Tampa Bay Buccaneers,NFC South,16,11-5,30.75,11.84,22.19,8.92,8.563,1.349,1,3,6,2
TEN-2020,TEN,2020,2020 Tennessee Titans,AFC South,16,11-5,30.69,10.68,27.44,9.45,3.25,0.512,1,2,5,2
WAS-2020,WAS,2020,2020 Washington Football Team,NFC East,16,7-9,20.94,7.2,20.56,8.66,0.375,0.059,1,3,4,1
ARI-2021,ARI,2021,2021 Arizona Cardinals,NFC West,17,11-6,26.41,8.89,21.53,9.17,4.882,0.737,1,4,5,3
ATL-2021,ATL,2021,2021 Atlanta Falcons,NFC South,17,7-10,18.41,9.31,27,9.44,-8.588,-1.297,1,3,4,3
BAL-2021,BAL,2021,2021 Baltimore Ravens,AFC North,17,8-9,22.76,7.89,23.06,11.02,-0.294,-0.044,1,4,5,2
BUF-2021,BUF,2021,2021 Buffalo Bills,AFC East,17,11-6,28.41,11.14,17,11.37,11.412,1.723,1,3,5,1
CAR-2021,CAR,2021,2021 Carolina Panthers,NFC South,17,5-12,17.88,8.78,23.76,10.42,-5.882,-0.888,1,3,5,3
CHI-2021,CHI,2021,2021 Chicago Bears,NFC North,17,6-11,18.29,7.83,23.94,11.19,-5.647,-0.853,2,3,5,2
CIN-2021,CIN,2021,2021 Cincinnati Bengals,AFC North,17,10-7,27.06,9,22.12,10.13,4.941,0.746,1,3,4,2
CLE-2021,CLE,2021,2021 Cleveland Browns,AFC North,17,8-9,20.53,10.46,21.82,12.25,-1.294,-0.195,1,4,4,3
DAL-2021,DAL,2021,2021 Dallas Cowboys,NFC East,17,12-5,31.18,12.87,21.06,8.74,10.118,1.528,1,3,5,2
DEN-2021,DEN,2021,2021 Denver Broncos,AFC West,17,7-10,19.71,8.64,18.94,9.37,0.765,0.116,1,2,5,3
DET-2021,DET,2021,2021 Detroit Lions,NFC North,17,3-13-1,19.12,9.07,27.47,11.59,-8.353,-1.261,1,3,4,2
GB-2021,GB,2021,2021 Green Bay Packers,NFC North,17,13-4,26.47,10.4,21.82,10.58,4.647,0.702,1,3,6,4
HOU-2021,HOU,2021,2021 Houston Texans,AFC South,17,4-13,16.47,12.42,26.59,7.54,-10.118,-1.528,1,4,5,3
IND-2021,IND,2021,2021 Indianapolis Colts,AFC South,17,9-8,26.53,8.62,21.47,10.15,5.059,0.764,1,2,4,3
JAX-2021,JAX,2021,2021 Jacksonville Jaguars,AFC South,17,3-14,14.88,6.95,26.88,10.46,-12,-1.812,1,3,6,3
KC-2021,KC,2021,2021 Kansas City Chiefs,AFC West,17,12-5,28.24,11.37,21.41,10.83,6.824,1.03,1,4,6,2
LAC-2021,LAC,2021,2021 Los Angeles Chargers,AFC West,17,9-8,27.88,10.64,27,9.01,0.882,0.133,1,4,5,3
LAR-2021,LAR,2021,2021 Los Angeles Rams,NFC West,17,12-5,27.06,8.01,21.88,8.55,5.176,0.782,1,2,5,1
LV-2021,LV,2021,2021 Las Vegas Raiders,AFC West,17,10-7,22,9.82,25.82,9.4,-3.824,-0.577,1,4,4,2
MIA-2021,MIA,2021,2021 Miami Dolphins,AFC East,17,9-8,20.06,9.4,21.94,11.42,-1.882,-0.284,2,2,5,3
MIN-2021,MIN,2021,2021 Minnesota Vikings,NFC North,17,8-9,25,8.62,25.06,8.31,-0.059,-0.009,1,3,4,1
NE-2021,NE,2021,2021 New England Patriots,AFC East,17,10-7,27.18,12.29,17.82,10.85,9.353,1.412,1,3,5,3
NO-2021,NO,2021,2021 New Orleans Saints,NFC South,17,9-8,21.41,10.97,19.71,10.68,1.706,0.258,0,4,5,3
NYG-2021,NYG,2021,2021 New York Giants,NFC East,17,4-13,15.18,7.78,24.47,10.79,-9.294,-1.403,1,2,6,2
NYJ-2021,NYJ,2021,2021 New York Jets,AFC East,17,4-13,18.24,8.96,29.65,10.09,-11.412,-1.723,1,3,7,3
PHI-2021,PHI,2021,2021 Philadelphia Eagles,NFC East,17,9-8,26.12,9.39,22.65,13.14,3.471,0.524,1,3,4,1
PIT-2021,PIT,2021,2021 Pittsburgh Steelers,AFC North,17,9-7-1,20.18,7.55,23.41,10.04,-3.235,-0.488,1,3,4,3
SEA-2021,SEA,2021,2021 Seattle Seahawks,NFC West,17,7-10,23.24,12.33,21.53,7.07,1.706,0.258,1,4,5,2
SF-2021,SF,2021,2021 San Francisco 49ers,NFC West,17,10-7,25.12,7.91,21.47,8.62,3.647,0.551,1,4,5,2
TB-2021,TB,2021,2021 Tampa Bay Buccaneers,NFC South,17,13-4,30.06,11.2,20.76,9.88,9.294,1.403,1,3,4,3
TEN-2021,TEN,2021,2021 Tennessee Titans,AFC South,17,12-5,24.65,8.3,20.82,11.21,3.824,0.577,1,4,4,3
WAS-2021,WAS,2021,2021 Washington Football Team,NFC East,17,7-10,19.71,6.97,25.53,11.51,-5.824,-0.879,1,3,6,2
ARI-2022,ARI,2022,2022 Arizona Cardinals,NFC West,17,4-13,20,8.43,26.41,8.53,-6.412,-1.313,1,3,6,3
ATL-2022,ATL,2022,2022 Atlanta Falcons,NFC South,17,7-10,21.47,7.36,22.71,6,-1.235,-0.258,1,4,4,4
BAL-2022,BAL,2022,2022 Baltimore Ravens,AFC North,17,10-7,20.59,9.04,18.53,9.47,2.059,0.413,1,5,3,3
BUF-2022,BUF,2022,2022 Buffalo Bills,AFC East,16,13-3,28.44,6.96,17.88,8.17,10.563,2.147,1,3,4,2
CAR-2022,CAR,2022,2022 Carolina Panthers,NFC South,17,7-10,20.41,8.72,22,10.87,-1.588,-0.33,1,3,4,4
CHI-2022,CHI,2022,2022 Chicago Bears,NFC North,17,3-14,19.18,8.46,27.24,10.1,-8.059,-1.649,1,3,5,2
CIN-2022,CIN,2022,2022 Cincinnati Bengals,AFC North,16,12-4,26.13,8.04,20.13,6.05,6,1.217,1,3,6,2
CLE-2022,CLE,2022,2022 Cleveland Browns,AFC North,17,7-10,21.24,7.08,22.41,9.8,-1.176,-0.246,1,4,3,3
DAL-2022,DAL,2022,2022 Dallas Cowboys,NFC East,17,12-5,27.47,13.27,20.12,10.12,7.353,1.493,2,2,4,3
DEN-2022,DEN,2022,2022 Denver Broncos,AFC West,17,5-12,16.88,7.1,21.12,10.78,-4.235,-0.869,1,3,4,3
DET-2022,DET,2022,2022 Detroit Lions,NFC North,17,9-8,26.65,12.13,25.12,10.43,1.529,0.305,1,3,4,3
GB-2022,GB,2022,2022 Green Bay Packers,NFC North,17,8-9,21.76,9.21,21.82,7.5,-0.059,-0.018,1,2,6,3
HOU-2022,HOU,2022,2022 Houston Texans,AFC South,17,3-13-1,17,6.97,24.71,8.12,-7.706,-1.577,1,4,4,3
IND-2022,IND,2022,2022 Indianapolis Colts,AFC South,17,4-12-1,17,10.42,25.12,10.67,-8.118,-1.661,1,3,4,3
JAX-2022,JAX,2022,2022 Jacksonville Jaguars,AFC South,17,9-8,23.76,9.02,20.59,11.69,3.176,0.641,1,3,4,2
KC-2022,KC,2022,2022 Kansas City Chiefs,AFC West,17,14-3,29.18,7.92,21.71,6.4,7.471,1.517,1,3,6,3
LAC-2022,LAC,2022,2022 Los Angeles Chargers,AFC West,17,10-7,23,6.01,22.59,9.28,0.412,0.078,1,4,5,2
LAR-2022,LAR,2022,2022 Los Angeles Rams,NFC West,17,5-12,18.06,10.45,22.59,6.85,-4.529,-0.929,1,3,6,1
LV-2022,LV,2022,2022 Las Vegas Raiders,AFC West,17,6-11,23.24,10.3,24.59,6.37,-1.353,-0.282,1,5,4,2
MIA-2022,MIA,2022,2022 Miami Dolphins,AFC East,17,9-8,23.35,9.18,23.47,10.14,-0.118,-0.03,1,2,5,2
MIN-2022,MIN,2022,2022 Minnesota Vikings,NFC North,17,13-4,24.94,9.25,25.12,9.16,-0.176,-0.042,1,3,5,3
NE-2022,NE,2022,2022 New England Patriots,AFC East,17,8-9,21.41,7.91,20.41,11.5,1,0.198,1,3,6,2
NO-2022,NO,2022,2022 New Orleans Saints,NFC South,17,7-10,19.41,10.02,20.29,10.13,-0.882,-0.186,1,2,5,3
NYG-2022,NYG,2022,2022 New York Giants,NFC East,17,9-7-1,21.47,5.5,21.82,9,-0.353,-0.078,1,3,4,2
NYJ-2022,NYJ,2022,2022 New York Jets,AFC East,17,7-10,17.41,10.75,18.59,6.68,-1.176,-0.246,1,2,5,2
PHI-2022,PHI,2022,2022 Philadelphia Eagles,NFC East,17,14-3,28.06,9.42,20.24,9.56,7.824,1.589,1,3,5,2
PIT-2022,PIT,2022,2022 Pittsburgh Steelers,AFC North,17,9-8,18.12,6.75,20.35,9.03,-2.235,-0.462,1,3,6,2
SEA-2022,SEA,2022,2022 Seattle Seahawks,NFC West,17,9-8,23.94,10.45,23.59,10.61,0.353,0.066,1,3,4,3
SF-2022,SF,2022,2022 San Francisco 49ers,NFC West,17,13-4,26.47,10.25,16.29,10.69,10.176,2.068,2,3,4,1
TB-2022,TB,2022,2022 Tampa Bay Buccaneers,NFC South,17,8-9,18.41,6.91,21.06,9.89,-2.647,-0.546,1,2,7,3
TEN-2022,TEN,2022,2022 Tennessee Titans,AFC South,17,7-10,17.53,5.2,21.12,8.99,-3.588,-0.738,1,3,3,3
WAS-2022,WAS,2022,2022 Washington Commanders,NFC East,17,8-8-1,18.88,7.03,20.18,8.44,-1.294,-0.27,2,4,6,3
ARI-2023,ARI,2023,2023 Arizona Cardinals,NFC West,17,4-13,19.41,8.68,26.76,8.59,-7.353,-1.249,2,2,5,3
ATL-2023,ATL,2023,2023 Atlanta Falcons,NFC South,17,7-10,18.88,7.32,21.94,10.84,-3.059,-0.52,1,3,5,3
BAL-2023,BAL,2023,2023 Baltimore Ravens,AFC North,17,13-4,28.41,11.09,16.47,9.06,11.941,2.028,1,2,5,3
BUF-2023,BUF,2023,2023 Buffalo Bills,AFC East,17,11-6,26.53,9.01,18.29,8.81,8.235,1.399,1,3,5,2
CAR-2023,CAR,2023,2023 Carolina Panthers,NFC South,17,2-15,13.88,8.41,24.47,10.57,-10.588,-1.799,1,3,6,4
CHI-2023,CHI,2023,2023 Chicago Bears,NFC North,17,7-10,21.18,9.37,22.29,9.29,-1.118,-0.19,1,3,5,2
CIN-2023,CIN,2023,2023 Cincinnati Bengals,AFC North,17,9-8,21.53,10.3,22.59,7.16,-1.059,-0.18,2,3,6,4
CLE-2023,CLE,2023,2023 Cleveland Browns,AFC North,17,11-6,23.29,9.9,21.29,11.56,2,0.34,0,3,7,3
DAL-2023,DAL,2023,2023 Dallas Cowboys,NFC East,17,12-5,29.94,12.42,18.53,11.41,11.412,1.939,1,3,5,4
DEN-2023,DEN,2023,2023 Denver Broncos,AFC West,17,8-9,21,6.34,24.29,15.14,-3.294,-0.56,1,3,5,1
DET-2023,DET,2023,2023 Detroit Lions,NFC North,17,12-5,27.12,10.13,23.24,9.6,3.882,0.659,1,3,4,2
GB-2023,GB,2023,2023 Green Bay Packers,NFC North,17,9-8,22.53,7.43,20.59,8.24,1.941,0.33,1,3,6,3
HOU-2023,HOU,2023,2023 Houston Texans,AFC South,17,10-7,22.18,8.63,20.76,9.54,1.412,0.24,1,4,6,2
IND-2023,IND,2023,2023 Indianapolis Colts,AFC South,17,9-8,23.29,7.49,24.41,9.7,-1.118,-0.19,1,3,4,4
JAX-2023,JAX,2023,2023 Jacksonville Jaguars,AFC South,17,9-8,22.18,9.86,21.82,10.16,0.353,0.06,1,3,6,2
KC-2023,KC,2023,2023 Kansas City Chiefs,AFC West,17,11-6,21.82,7.88,17.29,5.27,4.529,0.769,1,3,6,2
LAC-2023,LAC,2023,2023 Los Angeles Chargers,AFC West,17,5-12,20.35,9.47,23.41,14.35,-3.059,-0.52,1,3,5,3
LAR-2023,LAR,2023,2023 Los Angeles Rams,NFC West,17,10-7,23.76,8.7,22.18,8.38,1.588,0.27,1,3,6,1
LV-2023,LV,2023,2023 Las Vegas Raiders,AFC West,17,8-9,19.53,12.99,19.47,9.04,0.059,0.01,1,4,5,2
MIA-2023,MIA,2023,2023 Miami Dolphins,AFC East,17,11-6,29.18,13.97,23,13.39,6.176,1.049,1,3,5,2
MIN-2023,MIN,2023,2023 Minnesota Vikings,NFC North,17,7-10,20.24,7.08,21.29,9.47,-1.059,-0.18,1,3,4,3
NE-2023,NE,2023,2023 New England Patriots,AFC East,17,4-13,13.88,9,21.53,8.96,-7.647,-1.299,2,2,7,3
NO-2023,NO,2023,2023 New Orleans Saints,NFC South,17,9-8,23.65,9.64,19.24,9.44,4.412,0.749,1,2,5,3
NYG-2023,NYG,2023,2023 New York Giants,NFC East,17,6-11,15.65,9.88,23.94,11.53,-8.294,-1.409,2,3,7,2
NYJ-2023,NYJ,2023,2023 New York Jets,AFC East,17,7-10,15.76,9.11,20.88,10.2,-5.118,-0.869,1,3,4,3
PHI-2023,PHI,2023,2023 Philadelphia Eagles,NFC East,17,11-6,25.47,8.75,25.18,8.45,0.294,0.05,1,3,5,1
PIT-2023,PIT,2023,2023 Pittsburgh Steelers,AFC North,17,10-7,17.88,8.07,19.06,6.96,-1.176,-0.2,1,2,5,2
SEA-2023,SEA,2023,2023 Seattle Seahawks,NFC West,17,9-8,21.41,9.22,23.65,9.75,-2.235,-0.38,1,3,4,3
SF-2023,SF,2023,2023 San Francisco 49ers,NFC West,17,12-5,28.88,8.96,17.53,8.37,11.353,1.929,2,3,5,2
TB-2023,TB,2023,2023 Tampa Bay Buccaneers,NFC South,17,9-8,20.47,8.96,19.12,9.15,1.353,0.23,1,2,4,2
TEN-2023,TEN,2023,2023 Tennessee Titans,AFC South,17,6-11,17.94,8.66,21.59,7.35,-3.647,-0.62,2,2,5,2
WAS-2023,WAS,2023,2023 Washington Commanders,NFC East,17,4-13,19.35,9.22,30.47,9.94,-11.118,-1.889,1,3,6,3
ARI-2024,ARI,2024,2024 Arizona Cardinals,NFC West,17,8-9,23.53,11.1,22.29,10.43,1.235,0.187,1,4,3,3
ATL-2024,ATL,2024,2024 Atlanta Falcons,NFC South,17,8-9,22.88,10.03,24.88,10.42,-2,-0.303,1,3,4,2
BAL-2024,BAL,2024,2024 Baltimore Ravens,AFC North,17,12-5,30.47,7.84,21.24,9.72,9.235,1.401,1,3,4,3
BUF-2024,BUF,2024,2024 Buffalo Bills,AFC East,17,13-4,30.88,10.26,21.65,10.92,9.235,1.401,2,3,5,3
CAR-2024,CAR,2024,2024 Carolina Panthers,NFC South,17,5-12,20.06,11.05,31.41,8.86,-11.353,-1.722,1,3,6,3
CHI-2024,CHI,2024,2024 Chicago Bears,NFC North,17,5-12,18.24,9.48,21.76,8.27,-3.529,-0.535,1,3,4,2
CIN-2024,CIN,2024,2024 Cincinnati Bengals,AFC North,17,9-8,27.76,8.92,25.53,11.43,2.235,0.339,1,3,5,4
CLE-2024,CLE,2024,2024 Cleveland Browns,AFC North,17,3-14,15.18,7.61,25.59,7.53,-10.412,-1.579,1,4,5,2
DAL-2024,DAL,2024,2024 Dallas Cowboys,NFC East,17,7-10,20.59,8.57,27.53,9.93,-6.941,-1.053,2,3,6,3
DEN-2024,DEN,2024,2024 Denver Broncos,AFC West,17,10-7,25,10.74,18.29,11.23,6.706,1.017,1,3,6,3
DET-2024,DET,2024,2024 Detroit Lions,NFC North,17,15-2,33.18,11.06,20.12,11.28,13.059,1.98,1,4,4,2
GB-2024,GB,2024,2024 Green Bay Packers,NFC North,17,11-6,27.06,6.45,19.88,9.33,7.176,1.088,1,3,4,1
HOU-2024,HOU,2024,2024 Houston Texans,AFC South,17,10-7,21.88,9.07,21.88,7.08,0,0,1,3,7,2
IND-2024,IND,2024,2024 Indianapolis Colts,AFC South,17,8-9,22.18,8.81,25.12,8.4,-2.941,-0.446,1,3,6,3
JAX-2024,JAX,2024,2024 Jacksonville Jaguars,AFC South,17,4-13,18.82,8.57,25.59,12.1,-6.765,-1.026,2,3,6,3
KC-2024,KC,2024,2024 Kansas City Chiefs,AFC West,17,15-2,22.65,7.41,19.18,7.86,3.471,0.526,1,3,5,2
LAC-2024,LAC,2024,2024 Los Angeles Chargers,AFC West,17,11-6,23.65,8.68,17.71,9.37,5.941,0.901,1,4,4,2
LAR-2024,LAR,2024,2024 Los Angeles Rams,NFC West,17,10-7,21.59,8.11,22.71,10.56,-1.118,-0.17,1,2,7,2
LV-2024,LV,2024,2024 Las Vegas Raiders,AFC West,17,4-13,18.18,4.9,25.53,8.99,-7.353,-1.115,2,3,3,2
MIA-2024,MIA,2024,2024 Miami Dolphins,AFC East,17,8-9,20.29,9.27,21.41,8.45,-1.118,-0.17,1,3,4,3
MIN-2024,MIN,2024,2024 Minnesota Vikings,NFC North,17,14-3,25.41,7.78,19.53,8.76,5.882,0.892,1,3,5,3
NE-2024,NE,2024,2024 New England Patriots,AFC East,17,4-13,17,6.05,24.53,9.99,-7.529,-1.142,1,3,4,2
NO-2024,NO,2024,2024 New Orleans Saints,NFC South,17,5-12,19.88,12.57,23.41,9.91,-3.529,-0.535,2,3,6,3
NYG-2024,NYG,2024,2024 New York Giants,NFC East,17,3-14,16.06,10.15,24.41,6.58,-8.353,-1.267,1,3,5,3
NYJ-2024,NYJ,2024,2024 New York Jets,AFC East,17,5-12,19.88,7.58,23.76,9.6,-3.882,-0.589,1,3,6,2
PHI-2024,PHI,2024,2024 Philadelphia Eagles,NFC East,17,14-3,27.24,7.77,17.82,9.02,9.412,1.427,1,3,4,2
PIT-2024,PIT,2024,2024 Pittsburgh Steelers,AFC North,17,10-7,22.35,9.06,20.41,8.97,1.941,0.294,2,3,4,2
SEA-2024,SEA,2024,2024 Seattle Seahawks,NFC West,17,10-7,22.06,7.48,21.65,10.98,0.412,0.062,1,4,5,3
SF-2024,SF,2024,2024 San Francisco 49ers,NFC West,17,6-11,22.88,9.54,25.65,9.84,-2.765,-0.419,1,2,5,2
TB-2024,TB,2024,2024 Tampa Bay Buccaneers,NFC South,17,10-7,29.53,10.51,22.65,8.78,6.882,1.044,1,3,6,2
TEN-2024,TEN,2024,2024 Tennessee Titans,AFC South,17,3-14,18.29,7.51,27.06,10.87,-8.765,-1.329,2,3,5,3
WAS-2024,WAS,2024,2024 Washington Commanders,NFC East,17,12-5,28.53,8.54,23,8.57,5.529,0.839,1,3,5,2
ARI-2025,ARI,2025,2025 Arizona Cardinals,NFC West,17,3-14,20.88,3.94,28.71,10.24,-7.824,-1.252,1,3,3,2
ATL-2025,ATL,2025,2025 Atlanta Falcons,NFC South,17,8-9,20.76,8.69,23.59,8.41,-2.824,-0.452,2,2,5,2
BAL-2025,BAL,2025,2025 Baltimore Ravens,AFC North,17,8-9,24.94,10.23,23.41,12.47,1.529,0.245,1,4,6,3
BUF-2025,BUF,2025,2025 Buffalo Bills,AFC East,17,12-5,28.29,10.18,21.47,9.82,6.824,1.092,1,4,5,3
CAR-2025,CAR,2025,2025 Carolina Panthers,NFC South,17,8-9,18.29,8.67,22.35,10.52,-4.059,-0.65,1,3,5,3
CHI-2025,CHI,2025,2025 Chicago Bears,NFC North,17,11-6,25.94,7.86,24.41,12.2,1.529,0.245,1,3,5,2
CIN-2025,CIN,2025,2025 Cincinnati Bengals,AFC North,17,6-11,24.35,13.5,28.94,10.56,-4.588,-0.734,2,3,5,4
CLE-2025,CLE,2025,2025 Cleveland Browns,AFC North,17,5-12,16.41,7.29,22.29,10.16,-5.882,-0.941,2,3,6,3
DAL-2025,DAL,2025,2025 Dallas Cowboys,NFC East,17,7-9-1,27.71,9.1,30.06,8.26,-2.353,-0.377,1,3,5,3
DEN-2025,DEN,2025,2025 Denver Broncos,AFC West,17,14-3,23.59,8.19,18.29,9.53,5.294,0.847,1,4,4,2
DET-2025,DET,2025,2025 Detroit Lions,NFC North,17,9-8,28.29,12.63,24.29,8.14,4,0.64,1,4,4,2
GB-2025,GB,2025,2025 Green Bay Packers,NFC North,17,9-7-1,23,9.96,21.18,9.69,1.824,0.292,1,3,5,3
HOU-2025,HOU,2025,2025 Houston Texans,AFC South,17,12-5,23.76,10.21,17.35,7.36,6.412,1.026,1,4,5,1
IND-2025,IND,2025,2025 Indianapolis Colts,AFC South,17,8-9,27.41,8.8,24.24,10.34,3.176,0.508,1,3,6,3
JAX-2025,JAX,2025,2025 Jacksonville Jaguars,AFC South,17,13-4,27.88,9.98,19.76,10.08,8.118,1.299,1,3,5,3
KC-2025,KC,2025,2025 Kansas City Chiefs,AFC West,17,6-11,21.29,8.22,19.29,8.43,2,0.32,1,3,6,2
LAC-2025,LAC,2025,2025 Los Angeles Chargers,AFC West,17,11-6,21.65,9.4,20,8.16,1.647,0.264,1,3,6,2
LAR-2025,LAR,2025,2025 Los Angeles Rams,NFC West,17,12-5,30.47,8.91,20.35,10.57,10.118,1.619,1,2,6,4
LV-2025,LV,2025,2025 Las Vegas Raiders,AFC West,17,3-14,14.18,8.37,25.41,9.84,-11.235,-1.798,1,3,5,3
MIA-2025,MIA,2025,2025 Miami Dolphins,AFC East,17,7-10,20.41,9.12,24.94,10.27,-4.529,-0.725,1,3,4,4
MIN-2025,MIN,2025,2025 Minnesota Vikings,NFC North,17,9-8,20.24,11.58,19.59,9.62,0.647,0.104,1,3,6,2
NE-2025,NE,2025,2025 New England Patriots,AFC East,17,14-3,28.82,8.06,18.82,6.59,10,1.601,1,2,6,2
NO-2025,NO,2025,2025 New Orleans Saints,NFC South,17,6-11,18,7.56,22.53,9.2,-4.529,-0.725,2,2,6,3
NYG-2025,NYG,2025,2025 New York Giants,NFC East,17,4-13,22.41,9.41,25.82,8.67,-3.412,-0.546,1,3,3,2
NYJ-2025,NYJ,2025,2025 New York Jets,AFC East,17,3-14,17.65,10.05,29.59,9.41,-11.941,-1.911,1,3,5,2
PHI-2025,PHI,2025,2025 Philadelphia Eagles,NFC East,17,11-6,22.29,8.01,19.12,8.17,3.176,0.508,1,3,3,4
PIT-2025,PIT,2025,2025 Pittsburgh Steelers,AFC North,17,10-7,23.35,8.62,22.76,8.07,0.588,0.094,1,3,6,3
SEA-2025,SEA,2025,2025 Seattle Seahawks,NFC West,17,14-3,28.41,9.93,17.18,9.98,11.235,1.798,1,4,5,3
SF-2025,SF,2025,2025 San Francisco 49ers,NFC West,17,12-5,25.71,11.53,21.82,9.7,3.882,0.621,2,2,5,3
TB-2025,TB,2025,2025 Tampa Bay Buccaneers,NFC South,17,8-9,22.35,7.85,24.18,9.33,-1.824,-0.292,1,3,7,2
TEN-2025,TEN,2025,2025 Tennessee Titans,AFC South,17,3-14,16.71,8.67,28.12,8.98,-11.412,-1.827,1,3,3,3
WAS-2025,WAS,2025,2025 Washington Commanders,NFC East,17,5-12,20.94,9.2,26.53,10.53,-5.588,-0.894,1,3,6,4
