filename,dimensions,frame_count,color_count,semi_transparent_pixel_count
acrobat_batting_stance.png,64x64,1,23,0
acrobat_celebrate.png,128x64,2,23,0
acrobat_idle.png,128x64,2,23,0
acrobat_pitch.png,256x64,4,25,0
acrobat_run.png,256x64,4,24,0
acrobat_swing.png,256x64,4,23,0
alice_batting_stance.png,64x64,1,20,0
alice_celebrate.png,128x64,2,20,0
alice_idle.png,128x64,2,20,0
alice_pitch.png,256x64,4,24,0
alice_run.png,256x64,4,21,0
alice_swing.png,256x64,4,22,0
apollo_batting_stance.png,64x64,1,7,0
apollo_celebrate.png,128x64,2,19,0
apollo_idle.png,128x64,2,20,0
apollo_pitch.png,256x64,4,23,0
apollo_run.png,256x64,4,20,0
apollo_swing.png,256x64,4,18,0
ares_batting_stance.png,64x64,1,22,0
ares_celebrate.png,128x64,2,24,0
ares_idle.png,128x64,2,23,0
ares_pitch.png,256x64,4,25,0
ares_run.png,256x64,4,25,0
ares_swing.png,256x64,4,23,0
arsene_lupin_batting_stance.png,64x64,1,25,0
arsene_lupin_celebrate.png,128x64,2,24,0
arsene_lupin_idle.png,128x64,2,23,0
arsene_lupin_pitch.png,256x64,4,25,0
arsene_lupin_run.png,256x64,4,25,0
arsene_lupin_swing.png,256x64,4,25,0
athena_batting_stance.png,64x64,1,18,0
athena_celebrate.png,128x64,2,22,0
athena_idle.png,128x64,2,20,0
athena_pitch.png,256x64,4,23,0
athena_run.png,256x64,4,21,0
athena_swing.png,256x64,4,20,0
bearded_lady_batting_stance.png,64x64,1,18,0
bearded_lady_celebrate.png,128x64,2,17,0
bearded_lady_idle.png,128x64,2,16,0
bearded_lady_pitch.png,256x64,4,22,0
bearded_lady_run.png,256x64,4,19,0
bearded_lady_swing.png,256x64,4,20,0
black_cat_batting_stance.png,64x64,1,23,0
black_cat_celebrate.png,128x64,2,23,0
black_cat_idle.png,128x64,2,22,0
black_cat_pitch.png,256x64,4,24,0
black_cat_run.png,256x64,4,23,0
black_cat_swing.png,256x64,4,24,0
centaur_batting_stance.png,64x64,1,19,0
centaur_celebrate.png,128x64,2,18,0
centaur_idle.png,128x64,2,19,0
centaur_pitch.png,256x64,4,21,0
centaur_run.png,256x64,4,20,0
centaur_swing.png,256x64,4,20,0
chupacabra_batting_stance.png,64x64,1,22,0
chupacabra_celebrate.png,128x64,2,24,0
chupacabra_idle.png,128x64,2,23,0
chupacabra_pitch.png,256x64,4,24,0
chupacabra_run.png,256x64,4,22,0
chupacabra_swing.png,256x64,4,25,0
cowardly_lion_batting_stance.png,64x64,1,21,0
cowardly_lion_celebrate.png,128x64,2,19,0
cowardly_lion_idle.png,128x64,2,19,0
cowardly_lion_pitch.png,256x64,4,22,0
cowardly_lion_run.png,256x64,4,21,0
cowardly_lion_swing.png,256x64,4,21,0
cupid_batting_stance.png,64x64,1,23,0
cupid_celebrate.png,128x64,2,25,0
cupid_idle.png,128x64,2,25,0
cupid_pitch.png,256x64,4,23,0
cupid_run.png,256x64,4,24,0
cupid_swing.png,256x64,4,24,0
cyclops_batting_stance.png,64x64,1,17,0
cyclops_celebrate.png,128x64,2,21,0
cyclops_idle.png,128x64,2,17,0
cyclops_pitch.png,256x64,4,21,0
cyclops_run.png,256x64,4,19,0
cyclops_swing.png,256x64,4,20,0
dionysus_batting_stance.png,64x64,1,21,0
dionysus_celebrate.png,128x64,2,21,0
dionysus_idle.png,128x64,2,21,0
dionysus_pitch.png,256x64,4,22,0
dionysus_run.png,256x64,4,21,0
dionysus_swing.png,256x64,4,23,0
dorothy_batting_stance.png,64x64,1,24,0
dorothy_celebrate.png,128x64,2,24,0
dorothy_idle.png,128x64,2,23,0
dorothy_pitch.png,256x64,4,24,0
dorothy_run.png,256x64,4,24,0
dorothy_swing.png,256x64,4,24,0
dracula_batting_stance.png,64x64,1,22,0
dracula_celebrate.png,128x64,2,22,0
dracula_idle.png,128x64,2,23,0
dracula_pitch.png,256x64,4,24,0
dracula_run.png,256x64,4,24,0
dracula_swing.png,256x64,4,23,0
dragon_batting_stance.png,64x64,1,21,0
dragon_celebrate.png,128x64,2,21,0
dragon_idle.png,128x64,2,19,0
dragon_pitch.png,256x64,4,23,0
dragon_run.png,256x64,4,20,0
dragon_swing.png,256x64,4,22,0
easter_bunny_batting_stance.png,64x64,1,21,0
easter_bunny_celebrate.png,128x64,2,22,0
easter_bunny_idle.png,128x64,2,21,0
easter_bunny_pitch.png,256x64,4,22,0
easter_bunny_run.png,256x64,4,21,0
easter_bunny_swing.png,256x64,4,22,0
esmeralda_batting_stance.png,64x64,1,24,0
esmeralda_celebrate.png,128x64,2,25,0
esmeralda_idle.png,128x64,2,25,0
esmeralda_pitch.png,256x64,4,25,0
esmeralda_run.png,256x64,4,25,0
esmeralda_swing.png,256x64,4,25,0
father_time_batting_stance.png,64x64,1,21,0
father_time_celebrate.png,128x64,2,23,0
father_time_idle.png,128x64,2,21,0
father_time_pitch.png,256x64,4,22,0
father_time_run.png,256x64,4,21,0
father_time_swing.png,256x64,4,22,0
fire_breather_batting_stance.png,64x64,1,18,0
fire_breather_celebrate.png,128x64,2,19,0
fire_breather_idle.png,128x64,2,18,0
fire_breather_pitch.png,256x64,4,24,0
fire_breather_run.png,256x64,4,22,0
fire_breather_swing.png,256x64,4,23,0
frankenstein_batting_stance.png,64x64,1,19,0
frankenstein_celebrate.png,128x64,2,15,0
frankenstein_idle.png,128x64,2,18,0
frankenstein_pitch.png,256x64,4,22,0
frankenstein_run.png,256x64,4,16,0
frankenstein_swing.png,256x64,4,21,0
great_ape_batting_stance.png,64x64,1,19,0
great_ape_celebrate.png,128x64,2,19,0
great_ape_idle.png,128x64,2,21,0
great_ape_pitch.png,256x64,4,23,0
great_ape_run.png,256x64,4,23,0
great_ape_swing.png,256x64,4,23,0
hades_batting_stance.png,64x64,1,20,0
hades_celebrate.png,128x64,2,20,0
hades_idle.png,128x64,2,19,0
hades_pitch.png,256x64,4,23,0
hades_run.png,256x64,4,20,0
hades_swing.png,256x64,4,21,0
headless_horseman_batting_stance.png,64x64,1,9,0
headless_horseman_celebrate.png,128x64,2,18,0
headless_horseman_idle.png,128x64,2,18,0
headless_horseman_pitch.png,256x64,4,20,0
headless_horseman_run.png,256x64,4,19,0
headless_horseman_swing.png,256x64,4,19,0
hera_batting_stance.png,64x64,1,1,0
hera_celebrate.png,128x64,2,15,0
hera_idle.png,128x64,2,14,0
hera_pitch.png,256x64,4,16,0
hera_run.png,256x64,4,17,0
hera_swing.png,256x64,4,19,0
hermes_batting_stance.png,64x64,1,6,0
hermes_celebrate.png,128x64,2,18,0
hermes_idle.png,128x64,2,20,0
hermes_pitch.png,256x64,4,22,0
hermes_run.png,256x64,4,22,0
hermes_swing.png,256x64,4,22,0
huck_finn_batting_stance.png,64x64,1,24,0
huck_finn_celebrate.png,128x64,2,25,0
huck_finn_idle.png,128x64,2,22,0
huck_finn_pitch.png,256x64,4,25,0
huck_finn_run.png,256x64,4,25,0
huck_finn_swing.png,256x64,4,24,0
humpty_dumpty_batting_stance.png,64x64,1,10,0
humpty_dumpty_celebrate.png,128x64,2,15,0
humpty_dumpty_idle.png,128x64,2,14,0
humpty_dumpty_pitch.png,256x64,4,17,0
humpty_dumpty_run.png,256x64,4,16,0
humpty_dumpty_swing.png,256x64,4,16,0
ichabod_crane_batting_stance.png,64x64,1,18,0
ichabod_crane_celebrate.png,128x64,2,18,0
ichabod_crane_idle.png,128x64,2,19,0
ichabod_crane_pitch.png,256x64,4,20,0
ichabod_crane_run.png,256x64,4,20,0
ichabod_crane_swing.png,256x64,4,19,0
invisible_man_batting_stance.png,64x64,1,19,0
invisible_man_celebrate.png,128x64,2,19,0
invisible_man_idle.png,128x64,2,19,0
invisible_man_pitch.png,256x64,4,22,0
invisible_man_run.png,256x64,4,21,0
invisible_man_swing.png,256x64,4,22,0
jack_batting_stance.png,64x64,1,21,0
jack_celebrate.png,128x64,2,20,0
jack_idle.png,128x64,2,21,0
jack_pitch.png,256x64,4,22,0
jack_run.png,256x64,4,21,0
jack_swing.png,256x64,4,22,0
krampus_batting_stance.png,64x64,1,17,0
krampus_celebrate.png,128x64,2,15,0
krampus_idle.png,128x64,2,16,0
krampus_pitch.png,256x64,4,17,0
krampus_run.png,256x64,4,18,0
krampus_swing.png,256x64,4,19,0
lady_liberty_batting_stance.png,64x64,1,19,0
lady_liberty_celebrate.png,128x64,2,21,0
lady_liberty_idle.png,128x64,2,21,0
lady_liberty_pitch.png,256x64,4,21,0
lady_liberty_run.png,256x64,4,14,0
lady_liberty_swing.png,256x64,4,23,0
long_john_silver_batting_stance.png,64x64,1,12,0
long_john_silver_celebrate.png,128x64,2,21,0
long_john_silver_idle.png,128x64,2,22,0
long_john_silver_pitch.png,256x64,4,22,0
long_john_silver_run.png,256x64,4,23,0
long_john_silver_swing.png,256x64,4,23,0
medusa_batting_stance.png,64x64,1,4,0
medusa_celebrate.png,128x64,2,18,0
medusa_idle.png,128x64,2,16,0
medusa_pitch.png,256x64,4,20,0
medusa_run.png,256x64,4,13,0
medusa_swing.png,256x64,4,19,0
mother_nature_batting_stance.png,64x64,1,13,0
mother_nature_celebrate.png,128x64,2,22,0
mother_nature_idle.png,128x64,2,23,0
mother_nature_pitch.png,256x64,4,23,0
mother_nature_run.png,256x64,4,25,0
mother_nature_swing.png,256x64,4,24,0
mr_hyde_batting_stance.png,64x64,1,19,0
mr_hyde_celebrate.png,128x64,2,21,0
mr_hyde_idle.png,128x64,2,21,0
mr_hyde_pitch.png,256x64,4,21,0
mr_hyde_run.png,256x64,4,22,0
mr_hyde_swing.png,256x64,4,21,0
mrs_claus_batting_stance.png,64x64,1,12,0
mrs_claus_celebrate.png,128x64,2,7,0
mrs_claus_idle.png,128x64,2,15,0
mrs_claus_pitch.png,256x64,4,17,0
mrs_claus_run.png,256x64,4,13,0
mrs_claus_swing.png,256x64,4,18,0
pan_batting_stance.png,64x64,1,14,0
pan_celebrate.png,128x64,2,18,0
pan_idle.png,128x64,2,18,0
pan_pitch.png,256x64,4,19,0
pan_run.png,256x64,4,19,0
pan_swing.png,256x64,4,19,0
paul_bunyan_batting_stance.png,64x64,1,22,0
paul_bunyan_celebrate.png,128x64,2,24,0
paul_bunyan_idle.png,128x64,2,24,0
paul_bunyan_pitch.png,256x64,4,24,0
paul_bunyan_run.png,256x64,4,23,0
paul_bunyan_swing.png,256x64,4,24,0
peter_pan_batting_stance.png,64x64,1,21,0
peter_pan_celebrate.png,128x64,2,25,0
peter_pan_idle.png,128x64,2,25,0
peter_pan_pitch.png,256x64,4,25,0
peter_pan_run.png,256x64,4,25,0
peter_pan_swing.png,256x64,4,25,0
phoenix_batting_stance.png,64x64,1,15,0
phoenix_celebrate.png,128x64,2,17,0
phoenix_idle.png,128x64,2,20,0
phoenix_pitch.png,256x64,4,23,0
phoenix_run.png,256x64,4,21,0
phoenix_swing.png,256x64,4,19,0
pirate_batting_stance.png,64x64,1,9,0
pirate_celebrate.png,128x64,2,24,0
pirate_idle.png,128x64,2,25,0
pirate_pitch.png,256x64,4,25,0
pirate_run.png,256x64,4,25,0
pirate_swing.png,256x64,4,25,0
popeye_batting_stance.png,64x64,1,19,0
popeye_celebrate.png,128x64,2,20,0
popeye_idle.png,128x64,2,20,0
popeye_pitch.png,256x64,4,22,0
popeye_run.png,256x64,4,20,0
popeye_swing.png,256x64,4,21,0
poseidon_batting_stance.png,64x64,1,9,0
poseidon_celebrate.png,128x64,2,20,0
poseidon_idle.png,128x64,2,20,0
poseidon_pitch.png,256x64,4,22,0
poseidon_run.png,256x64,4,20,0
poseidon_swing.png,256x64,4,23,0
quasimodo_batting_stance.png,64x64,1,2,0
quasimodo_celebrate.png,128x64,2,19,0
quasimodo_idle.png,128x64,2,19,0
quasimodo_pitch.png,256x64,4,23,0
quasimodo_run.png,256x64,4,20,0
quasimodo_swing.png,256x64,4,24,0
rabid_dog_batting_stance.png,64x64,1,9,0
rabid_dog_celebrate.png,128x64,2,24,0
rabid_dog_idle.png,128x64,2,22,0
rabid_dog_pitch.png,256x64,4,24,0
rabid_dog_run.png,256x64,4,24,0
rabid_dog_swing.png,256x64,4,24,0
ringmaster_batting_stance.png,64x64,1,24,0
ringmaster_celebrate.png,128x64,2,25,0
ringmaster_idle.png,128x64,2,24,0
ringmaster_pitch.png,256x64,4,25,0
ringmaster_run.png,256x64,4,24,0
ringmaster_swing.png,256x64,4,24,0
santa_batting_stance.png,64x64,1,13,0
santa_celebrate.png,128x64,2,24,0
santa_idle.png,128x64,2,23,0
santa_pitch.png,256x64,4,24,0
santa_run.png,256x64,4,25,0
santa_swing.png,256x64,4,24,0
sasquatch_batting_stance.png,64x64,1,17,0
sasquatch_celebrate.png,128x64,2,18,0
sasquatch_idle.png,128x64,2,17,0
sasquatch_pitch.png,256x64,4,23,0
sasquatch_run.png,256x64,4,19,0
sasquatch_swing.png,256x64,4,20,0
scarecrow_batting_stance.png,64x64,1,9,0
scarecrow_celebrate.png,128x64,2,18,0
scarecrow_idle.png,128x64,2,15,0
scarecrow_pitch.png,256x64,4,21,0
scarecrow_run.png,256x64,4,18,0
scarecrow_swing.png,256x64,4,20,0
tom_sawyer_batting_stance.png,64x64,1,19,0
tom_sawyer_celebrate.png,128x64,2,20,0
tom_sawyer_idle.png,128x64,2,19,0
tom_sawyer_pitch.png,256x64,4,22,0
tom_sawyer_run.png,256x64,4,22,0
tom_sawyer_swing.png,256x64,4,22,0
vampire_batting_stance.png,64x64,1,7,0
vampire_celebrate.png,128x64,2,22,0
vampire_idle.png,128x64,2,22,0
vampire_pitch.png,256x64,4,25,0
vampire_run.png,256x64,4,21,0
vampire_swing.png,256x64,4,24,0
zombie_batting_stance.png,64x64,1,23,0
zombie_celebrate.png,128x64,2,25,0
zombie_idle.png,128x64,2,22,0
zombie_pitch.png,256x64,4,25,0
zombie_run.png,256x64,4,24,0
zombie_swing.png,256x64,4,25,0
